,perplexity,n_iter,n_samples,n_features,avg_common_neighbors10,avg_common_neighbors40,std_ratios
1,10,300,100,10,47.9,52.525,0.19043202188117403
2,10,500,100,10,50.8,54.400000000000006,0.18081691780403217
3,10,1000,100,10,53.2,56.974999999999994,0.1834615130802784
4,30,300,100,10,49.400000000000006,53.449999999999996,0.16531443513337704
5,30,500,100,10,56.50000000000001,59.875,0.17863990262911655
6,30,1000,100,10,56.699999999999996,59.875,0.1805148886036549
7,50,300,100,10,46.1,62.3,0.1546457914749929
8,50,500,100,10,53.2,62.575,0.15699464599087573
9,50,1000,100,10,53.099999999999994,62.7,0.1570095936794233
10,10,300,100,20,42.1,49.125,0.12143511000355882
11,10,500,100,20,47.099999999999994,53.0,0.11784207958414933
12,10,1000,100,20,47.199999999999996,51.974999999999994,0.12207637792766951
13,30,300,100,20,48.4,57.225,0.11635925085922602
14,30,500,100,20,50.2,55.400000000000006,0.10982135105594769
15,30,1000,100,20,50.8,57.65,0.11297971313838243
16,50,300,100,20,44.6,60.275,0.11103762997915562
17,50,500,100,20,46.8,60.525000000000006,0.11440996305106413
18,50,1000,100,20,49.400000000000006,60.075,0.11767319573805
19,10,300,100,30,38.6,48.650000000000006,0.09163424283511806
20,10,500,100,30,44.00000000000001,51.0,0.09162880421717463
21,10,1000,100,30,45.199999999999996,49.125,0.09737715001233654
22,30,300,100,30,41.0,53.525,0.08818900336958936
23,30,500,100,30,48.9,52.400000000000006,0.09323276625804995
24,30,1000,100,30,46.4,53.825,0.09379290307711163
25,50,300,100,30,39.300000000000004,57.00000000000001,0.08576680422252955
26,50,500,100,30,41.699999999999996,58.775,0.0863052203345407
27,50,1000,100,30,38.4,58.699999999999996,0.0866701544391421
28,10,300,100,40,35.199999999999996,47.0,0.07615924153908005
29,10,500,100,40,39.7,48.85,0.08019512982734124
30,10,1000,100,40,42.400000000000006,49.725,0.07987010347650704
31,30,300,100,40,40.800000000000004,53.89999999999999,0.0756891734531055
32,30,500,100,40,43.4,52.55,0.07786846010168202
33,30,1000,100,40,41.5,52.37499999999999,0.0770909964479217
34,50,300,100,40,34.599999999999994,56.85,0.07366326239814443
35,50,500,100,40,39.0,57.925000000000004,0.07226354550341581
36,50,1000,100,40,40.300000000000004,58.45,0.07264758505129632
37,10,300,100,50,35.8,47.175,0.06877044491247031
38,10,500,100,50,39.5,51.075,0.07489954266543263
39,10,1000,100,50,40.400000000000006,49.65,0.0715958231447168
40,30,300,100,50,41.0,50.7,0.07255929092565212
41,30,500,100,50,42.699999999999996,53.87500000000001,0.07242566571943793
42,30,1000,100,50,40.599999999999994,53.65,0.07044757835546113
43,50,300,100,50,32.2,56.425000000000004,0.06577452737166854
44,50,500,100,50,36.0,57.699999999999996,0.06910185765347802
45,50,1000,100,50,37.4,57.95,0.07066437382524735
46,10,300,250,10,49.08,35.58,0.15931265515997486
47,10,500,250,10,52.160000000000004,37.47,0.1723884487569706
48,10,1000,250,10,52.6,37.330000000000005,0.1827677036759051
49,30,300,250,10,50.67999999999999,40.96,0.1487436351430551
50,30,500,250,10,52.56000000000001,42.169999999999995,0.16341200486971894
51,30,1000,250,10,52.72,42.94,0.16795423544758525
52,50,300,250,10,48.88,42.59,0.1570056290935506
53,50,500,250,10,52.239999999999995,44.800000000000004,0.16484924181786592
54,50,1000,250,10,51.959999999999994,44.83,0.16303158936928777
55,10,300,250,20,39.08,30.4,0.1052186409298794
56,10,500,250,20,39.68,32.93000000000001,0.11534871101734888
57,10,1000,250,20,39.519999999999996,31.070000000000004,0.11158857075800639
58,30,300,250,20,39.68,36.01,0.10854699371929578
59,30,500,250,20,42.480000000000004,36.17,0.10898163681172973
60,30,1000,250,20,42.08,36.58,0.10765936921307741
61,50,300,250,20,38.800000000000004,37.91,0.10270591614674629
62,50,500,250,20,41.64,38.71,0.11009235142854212
63,50,1000,250,20,39.76,40.0,0.10715845728052839
64,10,300,250,30,35.52,29.09,0.08175177539750164
65,10,500,250,30,36.92,29.369999999999997,0.09442347863748614
66,10,1000,250,30,38.56,29.75,0.09171362380093877
67,30,300,250,30,38.0,31.71,0.08314323219748233
68,30,500,250,30,39.68,33.31,0.08914405369749126
69,30,1000,250,30,40.0,33.57,0.08719333839499334
70,50,300,250,30,37.32,35.67,0.08437430279001297
71,50,500,250,30,37.56,36.62,0.09176531082430846
72,50,1000,250,30,37.32,36.199999999999996,0.08789432492486134
73,10,300,250,40,34.160000000000004,27.82,0.07802817811423661
74,10,500,250,40,37.76,29.549999999999997,0.07987487994398779
75,10,1000,250,40,37.24,27.280000000000005,0.07913130311409959
76,30,300,250,40,36.8,31.120000000000005,0.0744502593829362
77,30,500,250,40,38.32,32.65,0.07733998636942427
78,30,1000,250,40,39.04,32.76,0.07811967898209127
79,50,300,250,40,33.8,33.76,0.07102288637415906
80,50,500,250,40,36.36000000000001,34.75,0.07284470139977324
81,50,1000,250,40,37.72,34.01,0.07523395968936848
82,10,300,250,50,31.320000000000004,26.619999999999997,0.06817121213744785
83,10,500,250,50,34.88,28.660000000000004,0.06719351196999736
84,10,1000,250,50,35.120000000000005,27.749999999999996,0.06448572782351722
85,30,300,250,50,34.08,30.219999999999995,0.0444643206769716
86,30,500,250,50,36.68,30.930000000000003,0.07080186977093327
87,30,1000,250,50,36.760000000000005,31.179999999999996,0.06869525847032643
88,50,300,250,50,33.96,33.809999999999995,0.06526406763166319
89,50,500,250,50,34.72,34.93,0.06789508967545606
90,50,1000,250,50,34.72,34.260000000000005,0.06798349352197651
91,10,300,500,10,45.38,30.219999999999995,0.16251393094283903
92,10,500,500,10,47.12,32.045,0.16963370091255942
93,10,1000,500,10,47.36,32.78,0.16899172579662256
94,30,300,500,10,45.599999999999994,34.705,0.15314934190336116
95,30,500,500,10,48.54,35.88,0.15533547083163973
96,30,1000,500,10,48.64,36.065000000000005,0.15483376050865919
97,50,300,500,10,42.56,36.645,0.1591166293455916
98,50,500,500,10,48.4,37.61,0.16103718827608854
99,50,1000,500,10,48.5,37.614999999999995,0.16072156830045015
100,10,300,500,20,35.14,22.59,0.10614569036232324
101,10,500,500,20,37.54,24.209999999999997,0.11018269833291791
102,10,1000,500,20,36.4,23.205000000000002,0.11106016357315378
103,30,300,500,20,36.480000000000004,28.415000000000003,0.1059007687668823
104,30,500,500,20,38.44,28.725,0.10972659802259795
105,30,1000,500,20,38.580000000000005,27.315,0.10678561314255973
106,50,300,500,20,33.879999999999995,29.415000000000003,0.10501734265183159
107,50,500,500,20,38.14,29.115000000000002,0.10845432180796893
108,50,1000,500,20,37.82,29.485,0.10723406936087765
109,10,300,500,30,34.160000000000004,21.095000000000002,0.0867918418846748
110,10,500,500,30,35.6,21.325,0.08883402252244883
111,10,1000,500,30,35.22,21.259999999999998,0.0901151660594649
112,30,300,500,30,34.260000000000005,24.78,0.08205802565369108
113,30,500,500,30,36.78,24.36,0.08552230459606648
114,30,1000,500,30,36.760000000000005,25.215,0.08642521344605729
115,50,300,500,30,28.98,25.395,0.0781208729984885
116,50,500,500,30,34.34,26.47,0.08577642925776884
117,50,1000,500,30,35.44,27.0,0.0837431616700288
118,10,300,500,40,32.36,20.41,0.07371864836312451
119,10,500,500,40,33.92,20.28,0.0758118664976021
120,10,1000,500,40,34.04,20.16,0.07580973171566482
121,30,300,500,40,30.740000000000002,23.56,0.07401707264654409
122,30,500,500,40,33.96,23.020000000000003,0.07263338603757467
123,30,1000,500,40,34.96,21.905,0.07651775755173897
124,50,300,500,40,27.0,22.854999999999997,0.07285772457752761
125,50,500,500,40,33.22,25.22,0.07435434455035868
126,50,1000,500,40,34.12,25.264999999999997,0.07413506827148042
127,10,300,500,50,31.22,18.605,0.06364413851525516
128,10,500,500,50,33.379999999999995,19.724999999999998,0.06662652672920466
129,10,1000,500,50,33.36,19.67,0.06621784317283644
130,30,300,500,50,30.419999999999998,22.005,0.06358847238091837
131,30,500,500,50,33.86,21.755,0.06540791667354572
132,30,1000,500,50,33.96,22.185000000000002,0.0665140257193608
133,50,300,500,50,26.44,23.185,0.06350138881874533
134,50,500,500,50,30.599999999999998,24.380000000000003,0.06451856703134844
135,50,1000,500,50,30.54,24.965,0.06370433884781469
136,10,300,750,10,45.76,31.576666666666664,0.16685206936967792
137,10,500,750,10,46.2,31.96,0.170699131286116
138,10,1000,750,10,46.266666666666666,32.04,0.1746463589937423
139,30,300,750,10,46.626666666666665,33.93333333333334,0.16669166603532548
140,30,500,750,10,46.826666666666675,34.80333333333333,0.16567291091099978
141,30,1000,750,10,47.28,34.943333333333335,0.16545588411909865
142,50,300,750,10,46.54666666666667,36.309999999999995,0.16410226032478387
143,50,500,750,10,46.78666666666666,36.60333333333333,0.1617707225863608
144,50,1000,750,10,46.88,36.763333333333335,0.16364366714096715
145,10,300,750,20,33.666666666666664,19.296666666666667,0.10549857131026495
146,10,500,750,20,37.24,21.743333333333332,0.10886979630762578
147,10,1000,750,20,36.96,21.53333333333333,0.11006605279148615
148,30,300,750,20,14.573333333333332,14.546666666666669,0.0643507124617758
149,30,500,750,20,38.77333333333334,25.10333333333333,0.10665855374567217
150,30,1000,750,20,38.70666666666666,24.67,0.1094127956828503
151,50,300,750,20,24.30666666666667,21.776666666666667,0.10790568564068521
152,50,500,750,20,37.346666666666664,25.753333333333334,0.1055518589401507
153,50,1000,750,20,38.266666666666666,26.67666666666667,0.10885610504473103
154,10,300,750,30,31.320000000000004,18.029999999999998,0.08584648656609231
155,10,500,750,30,34.45333333333333,19.48,0.08739119288075384
156,10,1000,750,30,34.06666666666667,18.626666666666665,0.08771367038345333
157,30,300,750,30,28.199999999999996,19.99666666666667,0.08284829502554596
158,30,500,750,30,34.42666666666667,21.97,0.08563929540813281
159,30,1000,750,30,35.08,21.866666666666664,0.0842999258159791
160,50,300,750,30,24.12,20.0,0.082127505699459
161,50,500,750,30,33.973333333333336,23.30666666666667,0.08446186275002039
162,50,1000,750,30,35.120000000000005,23.359999999999996,0.08388327972706099
163,10,300,750,40,31.480000000000004,17.11,0.07430549923895902
164,10,500,750,40,32.06666666666666,18.073333333333334,0.0743873674678802
165,10,1000,750,40,32.733333333333334,17.906666666666666,0.07292797397742527
166,30,300,750,40,28.453333333333337,19.433333333333334,0.06798411086609943
167,30,500,750,40,33.413333333333334,19.653333333333332,0.07253085317589437
168,30,1000,750,40,33.333333333333336,19.923333333333332,0.07235976551550492
169,50,300,750,40,22.599999999999998,18.393333333333334,0.06947719832555373
170,50,500,750,40,32.120000000000005,21.9,0.07086861430109781
171,50,1000,750,40,32.693333333333335,21.583333333333332,0.07165870473213944
172,10,300,750,50,29.666666666666668,16.196666666666665,0.06421671368119261
173,10,500,750,50,31.733333333333334,16.72,0.06510910178770489
174,10,1000,750,50,31.880000000000003,16.509999999999998,0.06641055909809401
175,30,300,750,50,25.093333333333334,17.81,0.06252668107161796
176,30,500,750,50,32.57333333333333,19.256666666666668,0.06490726469033288
177,30,1000,750,50,32.946666666666665,19.08666666666667,0.0641681227927393
178,50,300,750,50,21.400000000000002,17.253333333333334,0.061526826043847814
179,50,500,750,50,29.61333333333333,20.813333333333333,0.06342162357675442
180,50,1000,750,50,30.62666666666667,20.54333333333333,0.06210046813385845
181,10,300,1000,10,45.81000000000001,30.4975,0.16088640287606576
182,10,500,1000,10,45.9,30.599999999999998,0.1584853827694997
183,10,1000,1000,10,46.03,30.772499999999997,0.16106080128514486
184,30,300,1000,10,47.07,32.065,0.15704657057878196
185,30,500,1000,10,47.21,32.025000000000006,0.15842234108174677
186,30,1000,1000,10,47.39,32.1,0.1593253713808626
187,50,300,1000,10,46.28,34.045,0.15762581672027176
188,50,500,1000,10,46.46,34.1225,0.1593475594571313
189,50,1000,1000,10,46.51,34.0475,0.15978335538140748
190,10,300,1000,20,36.730000000000004,20.919999999999998,0.10967835656303464
191,10,500,1000,20,36.96,21.16,0.11125149103141578
192,10,1000,1000,20,36.79,20.9675,0.11005206088780234
193,30,300,1000,20,38.44,24.0325,0.10340950966870514
194,30,500,1000,20,37.6,24.025,0.10516353593002349
195,30,1000,1000,20,37.8,23.1675,0.1083678067885392
196,50,300,1000,20,37.68,25.03,0.10527797582900282
197,50,500,1000,20,37.86,25.2975,0.10606484498467991
198,50,1000,1000,20,37.74,24.84,0.10796118705785333
199,10,300,1000,30,22.09,14.255,0.07932811333402764
200,10,500,1000,30,32.68,17.1325,0.08506985431079941
201,10,1000,1000,30,32.93000000000001,17.41,0.08729566750795537
202,30,300,1000,30,23.18,16.8875,0.0808216809743866
203,30,500,1000,30,33.839999999999996,19.995,0.08483757581820385
204,30,1000,1000,30,33.97,19.875,0.08394194390426014
205,50,300,1000,30,19.48,15.805,0.07645034994995284
206,50,500,1000,30,33.57,21.237499999999997,0.08281593014108639
207,50,1000,1000,30,33.86,21.385,0.08319029544648952
208,10,300,1000,40,28.43,14.545,0.07307547004203473
209,10,500,1000,40,32.120000000000005,15.665000000000001,0.07477574783326618
210,10,1000,1000,40,32.61,15.987499999999999,0.075431645268935
211,30,300,1000,40,19.24,13.945000000000002,0.06888140516194018
212,30,500,1000,40,32.71,18.3075,0.07137059598106377
213,30,1000,1000,40,33.53,18.2925,0.07324549781529571
214,50,300,1000,40,29.78,19.23,0.06914477078662569
215,50,500,1000,40,31.89,19.295,0.07002883821309501
216,50,1000,1000,40,33.11,19.4875,0.07114456466810987
217,10,300,1000,50,27.83,14.37,0.06460871045999163
218,10,500,1000,50,30.84,15.015,0.06575152622763898
219,10,1000,1000,50,30.53,15.1175,0.06600976601073015
220,30,300,1000,50,23.43,15.340000000000002,0.06392005806612895
221,30,500,1000,50,31.53,17.39,0.06400573847774652
222,30,1000,1000,50,31.989999999999995,17.357499999999998,0.06445781107656837
223,50,300,1000,50,19.02,13.947499999999998,0.061500935060679336
224,50,500,1000,50,28.860000000000003,18.565,0.06346970658403284
225,50,1000,1000,50,31.259999999999998,18.332500000000003,0.0637345590186792
226,10,300,2500,10,45.568,27.174,0.15779543797720733
227,10,500,2500,10,45.516,27.376999999999995,0.15988020368717237
228,10,1000,2500,10,45.712,27.812000000000005,0.1610995938331241
229,30,300,2500,10,46.744,30.209999999999997,0.1567990196784711
230,30,500,2500,10,46.78,30.276999999999997,0.1579228827419303
231,30,1000,2500,10,46.78,30.301999999999996,0.15772041458305938
232,50,300,2500,10,45.956,31.747999999999998,0.1541193226908243
233,50,500,2500,10,46.372,31.820999999999998,0.1597056677664376
234,50,1000,2500,10,46.568,31.887999999999998,0.15963653768211164
235,10,300,2500,20,35.172,16.909000000000002,0.10339965846249444
236,10,500,2500,20,34.904,16.777,0.10595311132873958
237,10,1000,2500,20,35.044,16.775000000000002,0.10482370449558634
238,30,300,2500,20,35.844,19.692999999999998,0.10224434569480315
239,30,500,2500,20,35.796,19.426000000000002,0.10179148049088821
240,30,1000,2500,20,35.616,18.901,0.10110031689518893
241,50,300,2500,20,34.136,20.125999999999998,0.10199282358653454
242,50,500,2500,20,35.424,20.269,0.1020573792300421
243,50,1000,2500,20,35.78,20.471,0.10172294389504435
244,10,300,2500,30,31.5,13.503000000000002,0.083494467602045
245,10,500,2500,30,31.551999999999996,13.450000000000001,0.08418636918317549
246,10,1000,2500,30,31.612000000000002,13.561,0.08466943289607148
247,30,300,2500,30,31.768,15.501000000000001,0.08054249297815776
248,30,500,2500,30,32.428000000000004,15.611,0.08239022253600438
249,30,1000,2500,30,32.328,15.73,0.08207599184884388
250,50,300,2500,30,29.183999999999997,16.597,0.08064548231311353
251,50,500,2500,30,31.892,16.605,0.08043151055296578
252,50,1000,2500,30,32.164,16.716,0.08183711030536008
253,10,300,2500,40,30.048,12.277000000000001,0.07327528219831611
254,10,500,2500,40,30.087999999999997,12.052,0.07285880724153972
255,10,1000,2500,40,30.232000000000003,12.097,0.07151388268184931
256,30,300,2500,40,30.008000000000003,14.094000000000001,0.07067212604862991
257,30,500,2500,40,31.06,14.056,0.06946079680863054
258,30,1000,2500,40,30.932,14.187,0.07188670903168509
259,50,300,2500,40,24.88,14.02,0.06730278259793601
260,50,500,2500,40,29.588000000000005,15.132000000000001,0.06942777830542575
261,50,1000,2500,40,30.819999999999997,14.91,0.07045569108173001
262,10,300,2500,50,29.192,11.598,0.06376221202570556
263,10,500,2500,50,29.276000000000003,11.494,0.0650841451115832
264,10,1000,2500,50,29.243999999999996,11.594999999999999,0.06291636465983895
265,30,300,2500,50,28.944000000000003,13.232,0.06119843826991454
266,30,500,2500,50,30.048,12.914,0.06233965301413683
267,30,1000,2500,50,29.872,13.320000000000002,0.0626579427583674
268,50,300,2500,50,22.508,12.79,0.06081207406845847
269,50,500,2500,50,28.608,14.286000000000001,0.061575014527149335
270,50,1000,2500,50,29.932,14.027000000000001,0.06261122750035061
271,10,300,5000,10,44.462,25.723499999999998,0.15143339400540393
272,10,500,5000,10,44.333999999999996,25.684,0.15397804312129001
273,10,1000,5000,10,44.45,26.021,0.1526891945243819
274,30,300,5000,10,45.153999999999996,29.605500000000003,0.15544287534313428
275,30,500,5000,10,45.74399999999999,29.4985,0.15723939189303862
276,30,1000,5000,10,45.786,29.369,0.1590379268098502
277,50,300,5000,10,43.902,30.038999999999998,0.15479918991326924
278,50,500,5000,10,45.29,29.916999999999998,0.15619167728644553
279,50,1000,5000,10,45.414,29.837999999999997,0.15592249098097008
280,10,300,5000,20,34.18,14.652499999999998,0.10109208971762627
281,10,500,5000,20,34.29600000000001,14.6885,0.10417254257101732
282,10,1000,5000,20,34.39,14.9995,0.10461722646159805
283,30,300,5000,20,34.828,17.191499999999998,0.10120025407559077
284,30,500,5000,20,35.182,17.189,0.10091373164663035
285,30,1000,5000,20,35.096,16.986,0.1033879632823543
286,50,300,5000,20,32.262,17.979499999999998,0.09924390175790616
287,50,500,5000,20,34.64,18.1085,0.10128523227112078
288,50,1000,5000,20,34.762,17.8845,0.10290056459493797
289,10,300,5000,30,31.144,11.963,0.08300874620166102
290,10,500,5000,30,31.385999999999996,12.0815,0.0838395046690436
291,10,1000,5000,30,31.263999999999996,12.122,0.08318821969132717
292,30,300,5000,30,31.131999999999998,14.029,0.0797193184426391
293,30,500,5000,30,31.833999999999996,13.68,0.08107706029776328
294,30,1000,5000,30,31.732,13.6985,0.0803772144683396
295,50,300,5000,30,26.666,13.9095,0.07799734364042502
296,50,500,5000,30,31.226,14.582,0.07965333683155869
297,50,1000,5000,30,31.574,14.4465,0.07939715735939948
298,10,300,5000,40,29.382,10.780000000000001,0.06976555564051284
299,10,500,5000,40,29.572,10.9165,0.07242970292854299
300,10,1000,5000,40,29.376,10.8645,0.07095511816686614
301,30,300,5000,40,28.944000000000003,12.325,0.06848964803512832
302,30,500,5000,40,29.924,12.184500000000002,0.06897987259558384
303,30,1000,5000,40,30.152,12.245,0.07003202567024978
304,50,300,5000,40,22.158,11.528,0.06751580310521813
305,50,500,5000,40,28.67,12.956499999999998,0.06820753116361038
306,50,1000,5000,40,29.725999999999996,12.828500000000002,0.06813434911320276
307,10,300,5000,50,28.518,10.130500000000001,0.06119104968190707
308,10,500,5000,50,28.842000000000002,10.173000000000002,0.06475432195155158
309,10,1000,5000,50,29.052,10.3465,0.06368223135248952
310,30,300,5000,50,11.266000000000002,4.5440000000000005,0.06969297250000472
311,30,500,5000,50,27.895999999999997,11.5015,0.06141542227005929
312,30,1000,5000,50,29.498,11.400999999999998,0.06176646554027209
313,50,300,5000,50,13.335999999999999,6.45,0.05881562251142743
314,50,500,5000,50,23.764,11.5075,0.06050885799972136
315,50,1000,5000,50,29.112,12.062,0.06168905046507802
316,10,300,100,10,51.7,54.400000000000006,0.16974890032549472
317,10,500,100,10,55.300000000000004,54.425000000000004,0.18049132398715906
318,10,1000,100,10,55.7,55.95,0.18114011142584927
319,30,300,100,10,53.0,60.324999999999996,0.15995516035837395
320,30,500,100,10,56.8,63.425,0.16267866748476806
321,30,1000,100,10,56.699999999999996,63.4,0.16172854131476136
322,50,300,100,10,53.6,65.525,0.1595779795135534
323,50,500,100,10,54.1,66.325,0.15262754257562547
324,50,1000,100,10,54.699999999999996,66.425,0.15390040081354509
325,10,300,100,20,43.60000000000001,52.074999999999996,0.12274464859376771
326,10,500,100,20,46.4,52.800000000000004,0.11815779150031872
327,10,1000,100,20,49.00000000000001,53.425,0.11857017398286118
328,30,300,100,20,43.099999999999994,53.925,0.11191420785753091
329,30,500,100,20,50.3,55.574999999999996,0.11074251857745565
330,30,1000,100,20,50.3,56.39999999999999,0.11537421276139004
331,50,300,100,20,45.800000000000004,56.775,0.11732850985290456
332,50,500,100,20,47.5,59.475,0.11538503588821607
333,50,1000,100,20,45.49999999999999,60.375,0.11101424830828095
334,10,300,100,30,40.099999999999994,48.35,0.0961853700420815
335,10,500,100,30,45.49999999999999,49.625,0.09336086199264113
336,10,1000,100,30,48.1,51.800000000000004,0.09459452212243535
337,30,300,100,30,45.199999999999996,53.075,0.09169861321450527
338,30,500,100,30,48.2,53.225,0.09534549550864953
339,30,1000,100,30,48.9,52.925,0.08987077204409442
340,50,300,100,30,42.9,57.599999999999994,0.08833182280731389
341,50,500,100,30,45.7,57.05,0.09106553275591676
342,50,1000,100,30,44.1,58.099999999999994,0.08666235280277507
343,10,300,100,40,40.0,48.5,0.08854383658731575
344,10,500,100,40,44.699999999999996,50.975,0.08478156403521635
345,10,1000,100,40,44.5,49.325,0.08634053125240357
346,30,300,100,40,39.900000000000006,51.87500000000001,0.08318844299534231
347,30,500,100,40,46.4,54.1,0.08097165737510502
348,30,1000,100,40,45.099999999999994,52.6,0.08273882140618288
349,50,300,100,40,36.0,55.300000000000004,0.07188472067430296
350,50,500,100,40,41.3,57.95,0.07526825599154839
351,50,1000,100,40,41.1,56.55,0.07590236789757318
352,10,300,100,50,33.199999999999996,46.050000000000004,0.0734336952358572
353,10,500,100,50,40.300000000000004,48.3,0.07549724441409934
354,10,1000,100,50,39.0,46.175,0.07249988378960312
355,30,300,100,50,39.7,49.050000000000004,0.06974055086263259
356,30,500,100,50,43.8,51.74999999999999,0.07369033674577112
357,30,1000,100,50,42.400000000000006,52.625,0.072038244695031
358,50,300,100,50,38.800000000000004,53.2,0.07041234897200262
359,50,500,100,50,38.3,56.825,0.06790760428182067
360,50,1000,100,50,38.7,57.25,0.07358026173535519
361,10,300,250,10,47.160000000000004,37.269999999999996,0.16900092337050066
362,10,500,250,10,48.120000000000005,39.489999999999995,0.18063782356550967
363,10,1000,250,10,48.72,39.64,0.17497777707264944
364,30,300,250,10,48.08,44.17,0.1656745154195456
365,30,500,250,10,50.32,44.55,0.16677204400342796
366,30,1000,250,10,49.6,44.56,0.16932309174252777
367,50,300,250,10,46.88,45.64,0.16002165793290316
368,50,500,250,10,48.040000000000006,46.650000000000006,0.16092999096051774
369,50,1000,250,10,48.08,46.82000000000001,0.16141701508939302
370,10,300,250,20,39.68,30.740000000000002,0.11225711788943617
371,10,500,250,20,41.4,30.409999999999997,0.11301773269263958
372,10,1000,250,20,39.800000000000004,30.29,0.11329767081835403
373,30,300,250,20,42.160000000000004,36.6,0.11363985914282995
374,30,500,250,20,41.559999999999995,35.04,0.11218323799026592
375,30,1000,250,20,41.92,34.68,0.11016610821557223
376,50,300,250,20,39.519999999999996,38.42,0.10283992131427971
377,50,500,250,20,41.68,38.61,0.1103460156352608
378,50,1000,250,20,41.92,37.6,0.10801543205723392
379,10,300,250,30,35.6,26.880000000000003,0.08917375420408664
380,10,500,250,30,38.12,28.62,0.09386602326637246
381,10,1000,250,30,38.92,29.99,0.09073203834339202
382,30,300,250,30,35.52,31.2,0.0831045912748917
383,30,500,250,30,40.72,33.660000000000004,0.08932544931600876
384,30,1000,250,30,42.160000000000004,33.809999999999995,0.09193940658951529
385,50,300,250,30,38.72,34.0,0.08208453332023072
386,50,500,250,30,40.04,36.18,0.08309877403752887
387,50,1000,250,30,40.12,36.64,0.08653470188355429
388,10,300,250,40,33.96,26.69,0.07296240993089421
389,10,500,250,40,34.839999999999996,27.52,0.078471095513939
390,10,1000,250,40,35.0,27.92,0.07832162408159031
391,30,300,250,40,35.44,30.19,0.0728273919983463
392,30,500,250,40,37.36000000000001,31.269999999999996,0.07507041870080813
393,30,1000,250,40,38.08,30.28,0.07710956069293859
394,50,300,250,40,33.239999999999995,31.94,0.07307851723693569
395,50,500,250,40,36.120000000000005,34.56,0.07800692303772247
396,50,1000,250,40,36.120000000000005,34.22,0.07448754504313716
397,10,300,250,50,32.68,25.929999999999996,0.07132845182460579
398,10,500,250,50,34.72,26.66,0.06695407256654433
399,10,1000,250,50,35.6,27.58,0.06792831361199643
400,30,300,250,50,36.0,30.09,0.06819519009988308
401,30,500,250,50,37.160000000000004,29.99,0.0690622374769501
402,30,1000,250,50,37.160000000000004,30.680000000000003,0.06780364894651963
403,50,300,250,50,32.99999999999999,32.589999999999996,0.06511274125196634
404,50,500,250,50,34.92,33.44,0.06609412538663498
405,50,1000,250,50,34.56,33.51,0.0646709007096453
406,10,300,500,10,47.32,32.0,0.17064499699927993
407,10,500,500,10,48.81999999999999,33.47,0.17182380409959816
408,10,1000,500,10,49.6,34.835,0.1743556688693314
409,30,300,500,10,47.56,34.74,0.1570343262839693
410,30,500,500,10,49.84,36.415000000000006,0.1684779576414514
411,30,1000,500,10,49.96000000000001,37.47,0.16859769126146684
412,50,300,500,10,43.92,35.695,0.15548290413168286
413,50,500,500,10,48.440000000000005,37.77,0.16349616353640858
414,50,1000,500,10,48.620000000000005,38.1,0.16425233951957974
415,10,300,500,20,35.0,22.455,0.10591977007528444
416,10,500,500,20,37.6,25.335,0.11385126151579181
417,10,1000,500,20,37.940000000000005,25.129999999999995,0.10835948979203437
418,30,300,500,20,38.1,28.22,0.10664381958299425
419,30,500,500,20,39.06,28.199999999999996,0.10891956952611995
420,30,1000,500,20,39.660000000000004,28.139999999999997,0.10948098456296226
421,50,300,500,20,33.06,28.359999999999996,0.09857254044169413
422,50,500,500,20,39.6,30.409999999999997,0.10455885095688335
423,50,1000,500,20,39.26,30.354999999999997,0.10397157618308228
424,10,300,500,30,33.4,20.45,0.08478427020223812
425,10,500,500,30,35.419999999999995,20.775000000000002,0.08822700400772608
426,10,1000,500,30,35.72,22.13,0.09061586458353729
427,30,300,500,30,34.08,24.755,0.08431169616539626
428,30,500,500,30,36.24,23.875,0.08454358082308355
429,30,1000,500,30,36.0,24.765,0.09063054012820253
430,50,300,500,30,30.4,25.705,0.08185862413625493
431,50,500,500,30,36.480000000000004,26.884999999999998,0.08613522061749002
432,50,1000,500,30,36.4,25.955000000000002,0.08497747373989675
433,10,300,500,40,31.86,20.22,0.07381521986453765
434,10,500,500,40,34.46,20.49,0.07830838834929164
435,10,1000,500,40,34.18,21.325,0.07877627426077748
436,30,300,500,40,30.880000000000003,23.24,0.07416775217306482
437,30,500,500,40,34.98,23.220000000000002,0.07377624834182547
438,30,1000,500,40,34.0,23.745,0.07435349389966622
439,50,300,500,40,26.38,23.59,0.06956108327742141
440,50,500,500,40,33.239999999999995,25.670000000000005,0.07331572997169246
441,50,1000,500,40,32.72,25.555,0.07125844116766851
442,10,300,500,50,31.419999999999998,19.259999999999998,0.06454462746198361
443,10,500,500,50,32.24,20.21,0.06606377135862544
444,10,1000,500,50,32.480000000000004,20.085000000000004,0.07009573937714629
445,30,300,500,50,32.22,23.37,0.06546024901926754
446,30,500,500,50,33.64,21.855000000000004,0.06618030319066494
447,30,1000,500,50,33.12,21.974999999999998,0.06480571297798564
448,50,300,500,50,25.880000000000003,22.085,0.06162412980858903
449,50,500,500,50,30.36,24.315000000000005,0.06315268992208323
450,50,1000,500,50,31.2,24.035,0.06473917337811391
451,10,300,750,10,46.49333333333334,31.06,0.16418251159428987
452,10,500,750,10,46.760000000000005,31.326666666666668,0.16689613011388552
453,10,1000,750,10,47.093333333333334,31.566666666666666,0.16529356494891312
454,30,300,750,10,47.89333333333333,34.62,0.1683208256654425
455,30,500,750,10,48.0,34.88666666666666,0.1683787588204336
456,30,1000,750,10,48.053333333333335,34.85666666666666,0.16824971381772055
457,50,300,750,10,46.826666666666675,34.03666666666666,0.1601745415068982
458,50,500,750,10,47.226666666666674,34.449999999999996,0.16576950688466677
459,50,1000,750,10,47.25333333333334,34.526666666666664,0.16975357673948088
460,10,300,750,20,36.46666666666666,21.21666666666667,0.10662622308082297
461,10,500,750,20,37.2,21.136666666666663,0.11157471803256523
462,10,1000,750,20,37.76,22.64666666666667,0.11145743114857845
463,30,300,750,20,38.586666666666666,24.433333333333334,0.10470968210437273
464,30,500,750,20,38.82666666666667,24.53666666666667,0.10835737111982413
465,30,1000,750,20,39.2,25.590000000000003,0.10885260745112717
466,50,300,750,20,38.56,26.650000000000002,0.10337573098143384
467,50,500,750,20,39.0,26.36,0.10609993639418916
468,50,1000,750,20,38.93333333333334,26.583333333333332,0.10825737805309697
469,10,300,750,30,30.85333333333333,17.996666666666666,0.08429687224436978
470,10,500,750,30,34.053333333333335,19.556666666666665,0.08503266284996557
471,10,1000,750,30,34.29333333333333,19.34,0.08659545402670348
472,30,300,750,30,33.973333333333336,21.453333333333333,0.08398729244588819
473,30,500,750,30,35.53333333333333,21.72,0.08513640149351716
474,30,1000,750,30,35.8,22.576666666666668,0.08675057125159052
475,50,300,750,30,33.839999999999996,23.486666666666665,0.08523690924352417
476,50,500,750,30,35.32,23.743333333333332,0.08406294349290863
477,50,1000,750,30,35.480000000000004,23.146666666666665,0.0858066731179229
478,10,300,750,40,31.693333333333335,17.286666666666665,0.07137412790733773
479,10,500,750,40,33.093333333333334,18.17,0.07647231751034152
480,10,1000,750,40,33.46666666666667,17.456666666666667,0.07599085522123661
481,30,300,750,40,27.693333333333335,18.536666666666665,0.07253206972175592
482,30,500,750,40,34.626666666666665,20.06666666666667,0.07472324250643647
483,30,1000,750,40,34.053333333333335,20.056666666666665,0.0730666595453911
484,50,300,750,40,23.919999999999998,18.59,0.06956476321628621
485,50,500,750,40,32.879999999999995,21.54333333333333,0.0728790848713829
486,50,1000,750,40,33.78666666666666,21.443333333333335,0.07253441819858698
487,10,300,750,50,30.64,16.46666666666667,0.06534398185396609
488,10,500,750,50,31.880000000000003,16.226666666666667,0.06817553116544649
489,10,1000,750,50,32.04,17.416666666666668,0.06622919094978585
490,30,300,750,50,31.240000000000002,18.813333333333333,0.06546638181540942
491,30,500,750,50,33.413333333333334,19.236666666666665,0.06507383845455318
492,30,1000,750,50,33.49333333333334,19.176666666666666,0.06441943379731706
493,50,300,750,50,26.853333333333335,19.46666666666667,0.06350563836785529
494,50,500,750,50,32.28,21.376666666666665,0.0657497897501843
495,50,1000,750,50,32.440000000000005,21.12,0.06384468388517825
496,10,300,1000,10,45.89,29.0825,0.15649022968193238
497,10,500,1000,10,46.73,29.697499999999998,0.15714127295562882
498,10,1000,1000,10,47.089999999999996,30.055,0.15813003142181573
499,30,300,1000,10,47.68,32.8075,0.16044735187265202
500,30,500,1000,10,47.74,32.925,0.16040704162132016
501,30,1000,1000,10,47.77,33.095,0.1616649131316116
502,50,300,1000,10,47.14,34.6325,0.15970095832320017
503,50,500,1000,10,47.32,34.5925,0.16038796436645347
504,50,1000,1000,10,47.43000000000001,34.5425,0.1610319644088059
505,10,300,1000,20,29.830000000000002,17.849999999999998,0.1096068061531901
506,10,500,1000,20,36.42999999999999,19.715,0.10978108746990876
507,10,1000,1000,20,36.75,19.8675,0.11035098003605844
508,30,300,1000,20,25.070000000000004,18.3475,0.09873726345233645
509,30,500,1000,20,37.57,22.752500000000005,0.1092119238108574
510,30,1000,1000,20,38.14,23.2125,0.1106197974400479
511,50,300,1000,20,36.84,24.25,0.10632793698032524
512,50,500,1000,20,37.580000000000005,24.240000000000002,0.10420231795184733
513,50,1000,1000,20,37.63999999999999,23.66,0.10767382364560828
514,10,300,1000,30,29.92,16.165000000000003,0.08204988414252892
515,10,500,1000,30,33.08,17.0825,0.08790066297929111
516,10,1000,1000,30,32.89,16.922500000000003,0.08419052311294802
517,30,300,1000,30,33.4,19.724999999999998,0.08184311011053748
518,30,500,1000,30,34.17,19.915,0.08487272933707052
519,30,1000,1000,30,34.29,20.185,0.08484679141078931
520,50,300,1000,30,26.549999999999997,19.7625,0.08148333604232355
521,50,500,1000,30,33.58,21.292499999999997,0.0820453529148325
522,50,1000,1000,30,34.11,21.215,0.08170580241724322
523,10,300,1000,40,28.139999999999997,14.935,0.07195310333511933
524,10,500,1000,40,31.5,15.0575,0.07575537707536077
525,10,1000,1000,40,31.880000000000003,16.055,0.07501335172640756
526,30,300,1000,40,22.240000000000002,14.512500000000001,0.06998408538870109
527,30,500,1000,40,33.1,18.032500000000002,0.07305347671306024
528,30,1000,1000,40,32.96,18.009999999999998,0.07254769807624485
529,50,300,1000,40,27.33,18.7,0.06903415588984692
530,50,500,1000,40,32.98,19.5075,0.07108913590964455
531,50,1000,1000,40,32.71,19.395,0.07279697182887518
532,10,300,1000,50,19.759999999999998,12.22,0.05983351298937411
533,10,500,1000,50,30.84,15.03,0.06772694766259243
534,10,1000,1000,50,31.04,14.96,0.06534615037948888
535,30,300,1000,50,31.740000000000002,17.1925,0.06439038977978265
536,30,500,1000,50,31.930000000000003,17.427500000000002,0.0653137126242857
537,30,1000,1000,50,31.979999999999997,17.3825,0.06434072941353032
538,50,300,1000,50,28.900000000000002,18.655,0.06361505338091154
539,50,500,1000,50,31.080000000000002,18.95,0.06351873852903875
540,50,1000,1000,50,31.619999999999997,18.905,0.0634063860711264
541,10,300,2500,10,45.384,26.996000000000002,0.16060988827455125
542,10,500,2500,10,45.532000000000004,27.43,0.1626868655929454
543,10,1000,2500,10,45.620000000000005,27.722,0.16076742728443505
544,30,300,2500,10,46.556,30.592000000000002,0.15928037391050417
545,30,500,2500,10,46.955999999999996,30.879,0.16070137917247992
546,30,1000,2500,10,47.05199999999999,30.867,0.16186568548666372
547,50,300,2500,10,45.76,31.543,0.16010933536062769
548,50,500,2500,10,46.364,31.436000000000003,0.16129561511065277
549,50,1000,2500,10,46.568,31.474999999999998,0.16188192106257732
550,10,300,2500,20,34.815999999999995,16.595,0.1068235625314738
551,10,500,2500,20,35.044,16.665000000000003,0.10777339174535518
552,10,1000,2500,20,35.508,16.847,0.10434280696145501
553,30,300,2500,20,35.96,19.088,0.10307291993445349
554,30,500,2500,20,36.136,19.405,0.10467859330273001
555,30,1000,2500,20,36.024,19.066,0.10561982726494791
556,50,300,2500,20,34.788000000000004,20.552999999999997,0.10215381606061101
557,50,500,2500,20,36.016,20.449,0.10452058133057732
558,50,1000,2500,20,35.94,20.101,0.10308711160089733
559,10,300,2500,30,31.416,13.464,0.08412342173045169
560,10,500,2500,30,31.751999999999995,13.69,0.0845344828315268
561,10,1000,2500,30,31.66,13.761000000000001,0.0851090203005123
562,30,300,2500,30,31.856,15.540999999999999,0.08002555070264972
563,30,500,2500,30,32.284,15.556000000000001,0.08340478436492271
564,30,1000,2500,30,32.528,15.582,0.08237739010941825
565,50,300,2500,30,28.323999999999998,16.198999999999998,0.07949686940328417
566,50,500,2500,30,32.056000000000004,16.474,0.08050154121658244
567,50,1000,2500,30,32.448,16.54,0.08101291354929861
568,10,300,2500,40,25.86,11.278999999999998,0.06783000990831839
569,10,500,2500,40,30.256,12.347999999999999,0.07221186664744368
570,10,1000,2500,40,30.219999999999995,12.591000000000003,0.07363163557480694
571,30,300,2500,40,30.740000000000002,14.249,0.06793673621333142
572,30,500,2500,40,31.152,14.094999999999999,0.07129464361793732
573,30,1000,2500,40,31.192000000000004,14.276,0.07152097042948993
574,50,300,2500,40,25.916,14.568,0.06912747249370425
575,50,500,2500,40,30.247999999999998,15.126999999999999,0.06912872996357006
576,50,1000,2500,40,30.720000000000002,14.674000000000001,0.07112226000908205
577,10,300,2500,50,29.272,11.455,0.06382179856968301
578,10,500,2500,50,29.355999999999998,11.753,0.0648169083451451
579,10,1000,2500,50,29.592000000000002,11.834,0.06487329617820432
580,30,300,2500,50,29.032000000000004,13.377,0.0615917065927524
581,30,500,2500,50,29.896,13.3,0.06212150272979626
582,30,1000,2500,50,30.124000000000002,13.425999999999998,0.06249378145814441
583,50,300,2500,50,22.096,13.022,0.06176796085937784
584,50,500,2500,50,27.792,14.21,0.0601050457524651
585,50,1000,2500,50,29.700000000000003,14.184000000000003,0.06197248047211222
586,10,300,5000,10,44.972,25.716499999999996,0.15352394461403143
587,10,500,5000,10,45.192,26.030000000000005,0.1563466072691958
588,10,1000,5000,10,45.29600000000001,26.436000000000003,0.15735249150965538
589,30,300,5000,10,45.660000000000004,29.2335,0.1577322131923142
590,30,500,5000,10,46.152,29.096,0.15980234846935498
591,30,1000,5000,10,46.132,29.002,0.15977723469276445
592,50,300,5000,10,44.604,30.508999999999997,0.1573091558910522
593,50,500,5000,10,46.028000000000006,30.434,0.16051220331488403
594,50,1000,5000,10,46.117999999999995,30.287999999999997,0.16104928285002
595,10,300,5000,20,34.384,14.848,0.10090549048970869
596,10,500,5000,20,34.512,14.9865,0.10598321348848938
597,10,1000,5000,20,34.526,15.150999999999998,0.10404471531770212
598,30,300,5000,20,34.742,17.2495,0.10049075113122358
599,30,500,5000,20,35.392,17.147,0.0998412556953118
600,30,1000,5000,20,35.337999999999994,17.125,0.103013227201651
601,50,300,5000,20,32.038,17.879499999999997,0.09966899284221596
602,50,500,5000,20,34.809999999999995,17.9265,0.10225376728262413
603,50,1000,5000,20,35.178,18.0,0.10266545512706862
604,10,300,5000,30,30.998000000000005,11.9865,0.08217387930343903
605,10,500,5000,30,31.070000000000004,12.108,0.08459909474824888
606,10,1000,5000,30,31.019999999999996,12.043,0.08408950106485422
607,30,300,5000,30,30.988000000000003,13.9595,0.08033679495868211
608,30,500,5000,30,31.613999999999997,13.9125,0.08069311158663335
609,30,1000,5000,30,31.669999999999998,13.711,0.08151517730324463
610,50,300,5000,30,26.844,14.147499999999999,0.07770044720763188
611,50,500,5000,30,31.052000000000003,14.792,0.08042782169054605
612,50,1000,5000,30,31.598000000000003,14.6095,0.08055887305005024
613,10,300,5000,40,29.378000000000004,10.843,0.07032448297122823
614,10,500,5000,40,29.572,10.883000000000001,0.07194498690465174
615,10,1000,5000,40,29.514000000000003,10.815,0.07101477868416188
616,30,300,5000,40,29.072,12.450000000000001,0.06852151325268521
617,30,500,5000,40,30.144000000000005,12.2615,0.06867655983107641
618,30,1000,5000,40,30.171999999999997,12.306,0.06957526887254309
619,50,300,5000,40,22.518,11.799999999999999,0.069074060940723
620,50,500,5000,40,28.814,13.1255,0.06900710534558087
621,50,1000,5000,40,30.046,12.8905,0.06962671559001492
622,10,300,5000,50,28.626,10.0615,0.06244411282116472
623,10,500,5000,50,28.671999999999997,9.992999999999999,0.06396785479464946
624,10,1000,5000,50,28.896,10.139000000000001,0.06293558847943943
625,30,300,5000,50,27.993999999999996,11.413,0.06101224132425482
626,30,500,5000,50,29.183999999999997,11.325000000000001,0.061497439363788965
627,30,1000,5000,50,29.53,11.3125,0.060937556820035814
628,50,300,5000,50,19.69,10.200000000000001,0.05976377257322154
629,50,500,5000,50,26.1,11.809,0.05978133567529369
630,50,1000,5000,50,29.268,11.865499999999999,0.061357832445571976
631,10,300,100,10,50.9,54.05,0.18521145260044147
632,10,500,100,10,53.7,57.925000000000004,0.16073079433829335
633,10,1000,100,10,54.0,57.275,0.1616252531063008
634,30,300,100,10,52.800000000000004,56.525000000000006,0.16704482807677323
635,30,500,100,10,56.10000000000001,59.975,0.15791857777816984
636,30,1000,100,10,57.199999999999996,61.0,0.16462706731477447
637,50,300,100,10,47.099999999999994,60.675000000000004,0.16191974626558167
638,50,500,100,10,51.800000000000004,64.0,0.14734741189172443
639,50,1000,100,10,53.7,65.225,0.14960189373932672
640,10,300,100,20,43.8,51.625,0.11671544385147653
641,10,500,100,20,46.0,51.775000000000006,0.11633988103516621
642,10,1000,100,20,47.400000000000006,49.95,0.11966932077958385
643,30,300,100,20,48.4,57.05,0.11114102256785874
644,30,500,100,20,49.1,57.800000000000004,0.11202601615639969
645,30,1000,100,20,49.5,57.325,0.11803736047360118
646,50,300,100,20,44.699999999999996,55.95,0.10434608639241179
647,50,500,100,20,44.2,61.0,0.10545619667084932
648,50,1000,100,20,45.0,60.925000000000004,0.10683995692086748
649,10,300,100,30,39.5,51.324999999999996,0.08953972603264997
650,10,500,100,30,44.400000000000006,52.449999999999996,0.09845137186686345
651,10,1000,100,30,42.699999999999996,51.1,0.09572939973605982
652,30,300,100,30,41.5,51.87500000000001,0.0938516426873712
653,30,500,100,30,46.5,55.99999999999999,0.09185927701979417
654,30,1000,100,30,46.6,55.35,0.09043533741108521
655,50,300,100,30,38.6,59.62500000000001,0.08455481706940361
656,50,500,100,30,43.49999999999999,59.5,0.08819636283376997
657,50,1000,100,30,43.4,59.099999999999994,0.08766095836102848
658,10,300,100,40,30.599999999999998,45.050000000000004,0.07541986526785471
659,10,500,100,40,41.3,49.824999999999996,0.08255498695847681
660,10,1000,100,40,42.00000000000001,49.425,0.08102319605905352
661,30,300,100,40,40.300000000000004,52.474999999999994,0.07522288573750285
662,30,500,100,40,46.0,58.45,0.07981795845603004
663,30,1000,100,40,45.300000000000004,55.925000000000004,0.07829704813612096
664,50,300,100,40,39.5,58.324999999999996,0.06917664264838957
665,50,500,100,40,41.6,60.699999999999996,0.07335578148726629
666,50,1000,100,40,40.800000000000004,59.775,0.07596240793873958
667,10,300,100,50,34.0,48.75,0.06991365041441529
668,10,500,100,50,40.0,49.1,0.07204599942015344
669,10,1000,100,50,40.300000000000004,48.775,0.07567181272702461
670,30,300,100,50,40.599999999999994,52.2,0.06884502817593094
671,30,500,100,50,44.400000000000006,55.400000000000006,0.06961291658830651
672,30,1000,100,50,43.4,54.87499999999999,0.07173581896697581
673,50,300,100,50,40.199999999999996,54.925000000000004,0.07166839904124965
674,50,500,100,50,41.1,57.95,0.06572180965829787
675,50,1000,100,50,39.900000000000006,57.175,0.06571866017859301
676,10,300,250,10,44.800000000000004,37.29,0.16795798054127278
677,10,500,250,10,46.64,38.32,0.17110099604902723
678,10,1000,250,10,48.64,39.29,0.17591764346470914
679,30,300,250,10,46.36,40.59,0.14849754983599425
680,30,500,250,10,48.760000000000005,41.589999999999996,0.16503173429184856
681,30,1000,250,10,48.8,41.559999999999995,0.16452760909173791
682,50,300,250,10,45.08,44.15,0.15735890982257267
683,50,500,250,10,47.88,45.48,0.15747977565621404
684,50,1000,250,10,47.800000000000004,46.51,0.1607591545278162
685,10,300,250,20,39.32,30.7,0.10934075536091564
686,10,500,250,20,40.04,31.15,0.1116856387623051
687,10,1000,250,20,41.4,31.930000000000003,0.1163936269007865
688,30,300,250,20,41.68,36.25,0.10916341091267487
689,30,500,250,20,42.44,36.449999999999996,0.10874099030058226
690,30,1000,250,20,42.919999999999995,36.22,0.10931200536282426
691,50,300,250,20,39.48,37.5,0.1099544151002825
692,50,500,250,20,41.4,40.42,0.10788447226763669
693,50,1000,250,20,41.68,38.96,0.10420148744667758
694,10,300,250,30,34.56,27.79,0.0873105629317324
695,10,500,250,30,37.6,30.15,0.09215411289163421
696,10,1000,250,30,38.839999999999996,30.049999999999997,0.09607595937082211
697,30,300,250,30,38.04,32.99999999999999,0.08798041760286339
698,30,500,250,30,39.72,32.68,0.09125278963072714
699,30,1000,250,30,39.64,33.47,0.08947148533947989
700,50,300,250,30,36.6,34.760000000000005,0.08374170783514319
701,50,500,250,30,37.839999999999996,36.6,0.08606630474882071
702,50,1000,250,30,37.120000000000005,36.82,0.08762818838929519
703,10,300,250,40,34.52,28.290000000000003,0.07789433469014428
704,10,500,250,40,36.0,28.349999999999998,0.07858014409104244
705,10,1000,250,40,35.68,28.549999999999997,0.07859079433925419
706,30,300,250,40,36.56,30.979999999999997,0.07090647359553515
707,30,500,250,40,37.92,32.330000000000005,0.07698714440164733
708,30,1000,250,40,37.08,31.540000000000003,0.07689731287038024
709,50,300,250,40,32.0,35.150000000000006,0.07632225279955705
710,50,500,250,40,36.4,35.150000000000006,0.07579298964226767
711,50,1000,250,40,36.4,34.5,0.07290903970070696
712,10,300,250,50,32.36,27.21,0.06577747842648193
713,10,500,250,50,34.96,27.240000000000002,0.06856049327711901
714,10,1000,250,50,36.04,26.700000000000003,0.0700052116446154
715,30,300,250,50,35.160000000000004,27.62,0.06514866523059172
716,30,500,250,50,37.120000000000005,29.59,0.06559005144338208
717,30,1000,250,50,36.04,30.680000000000003,0.06637577627554685
718,50,300,250,50,34.760000000000005,31.369999999999997,0.06567626511534005
719,50,500,250,50,34.28,34.05,0.06418895230847713
720,50,1000,250,50,34.12,33.71,0.06431131137302772
721,10,300,500,10,45.76,31.34,0.16408339411647424
722,10,500,500,10,48.28,33.160000000000004,0.16006578012130834
723,10,1000,500,10,48.52,34.275,0.15957820032235234
724,30,300,500,10,47.300000000000004,35.915,0.16028553546130367
725,30,500,500,10,49.919999999999995,37.004999999999995,0.16526871381420383
726,30,1000,500,10,50.540000000000006,37.580000000000005,0.16910376795318044
727,50,300,500,10,45.28,36.385,0.14858848075688816
728,50,500,500,10,48.4,37.135,0.15383264856735748
729,50,1000,500,10,48.94,37.695,0.1549117528185981
730,10,300,500,20,35.059999999999995,23.490000000000002,0.10420956541104977
731,10,500,500,20,36.22,24.04,0.11037221267043512
732,10,1000,500,20,37.08,25.379999999999995,0.11299367771562807
733,30,300,500,20,35.81999999999999,26.924999999999997,0.10250091019673582
734,30,500,500,20,37.66,27.51,0.10653228299511316
735,30,1000,500,20,38.14,28.415000000000003,0.1077212235293603
736,50,300,500,20,32.56,27.755000000000003,0.10024454617816825
737,50,500,500,20,38.1,30.205000000000005,0.1011581269450873
738,50,1000,500,20,38.68,29.575000000000003,0.10238883998430796
739,10,300,500,30,33.1,20.685,0.06770858260896584
740,10,500,500,30,34.46,21.605,0.08880191928191404
741,10,1000,500,30,35.0,22.54,0.08884746493375978
742,30,300,500,30,34.34,25.58,0.08446197026768035
743,30,500,500,30,35.160000000000004,24.745,0.08588017952448969
744,30,1000,500,30,35.980000000000004,24.820000000000004,0.08696093405114069
745,50,300,500,30,30.159999999999997,26.400000000000002,0.07879603500193415
746,50,500,500,30,33.92,27.88,0.0840913199589736
747,50,1000,500,30,35.160000000000004,27.589999999999996,0.0844345915897518
748,10,300,500,40,32.34,20.18,0.07364690129407744
749,10,500,500,40,33.36,20.18,0.07663766447413611
750,10,1000,500,40,33.599999999999994,20.665,0.07776479290108525
751,30,300,500,40,31.96,22.810000000000002,0.07365891881341202
752,30,500,500,40,34.74,23.925,0.07630774722387455
753,30,1000,500,40,34.72,22.93,0.07435310230150675
754,50,300,500,40,25.8,22.900000000000002,0.06820695712913327
755,50,500,500,40,33.7,25.644999999999996,0.07299593858426048
756,50,1000,500,40,34.32,25.325000000000003,0.07266828240107473
757,10,300,500,50,31.1,18.72,0.06499096063741751
758,10,500,500,50,32.06,19.23,0.0666597881278362
759,10,1000,500,50,31.979999999999997,19.875,0.06846602347779353
760,30,300,500,50,29.92,21.965,0.06314033392638221
761,30,500,500,50,34.160000000000004,22.549999999999997,0.06446550954456189
762,30,1000,500,50,33.540000000000006,21.74,0.06799820911453212
763,50,300,500,50,25.7,21.894999999999996,0.06146761986952456
764,50,500,500,50,32.04,24.775,0.06499270959733952
765,50,1000,500,50,32.14,24.79,0.06516521449039964
766,10,300,750,10,45.04,28.886666666666667,0.1601073385600801
767,10,500,750,10,45.89333333333333,29.61333333333333,0.1572733115369868
768,10,1000,750,10,46.28,30.236666666666668,0.1571923528525585
769,30,300,750,10,47.57333333333334,32.99333333333333,0.1609770691194297
770,30,500,750,10,47.93333333333333,33.486666666666665,0.15986017132249203
771,30,1000,750,10,48.01333333333333,33.72,0.16098704614815726
772,50,300,750,10,46.86666666666667,35.64333333333333,0.15276930325901167
773,50,500,750,10,46.85333333333334,35.61333333333333,0.15488856719899288
774,50,1000,750,10,47.026666666666664,35.763333333333335,0.1569444833011096
775,10,300,750,20,34.30666666666667,20.593333333333337,0.10401832313668882
776,10,500,750,20,36.84,21.433333333333334,0.10854511497185114
777,10,1000,750,20,36.89333333333333,22.066666666666666,0.11085077597433052
778,30,300,750,20,25.58666666666667,20.826666666666668,0.1064097528115697
779,30,500,750,20,37.98666666666667,23.95,0.1078638985374887
780,30,1000,750,20,37.839999999999996,24.463333333333335,0.10563017874559864
781,50,300,750,20,29.30666666666667,23.73,0.10042384121575205
782,50,500,750,20,37.306666666666665,25.830000000000002,0.1058408048153084
783,50,1000,750,20,38.17333333333334,26.046666666666667,0.108034383751245
784,10,300,750,30,32.46666666666667,17.653333333333336,0.08353080767518715
785,10,500,750,30,34.14666666666667,18.546666666666667,0.08684159544366896
786,10,1000,750,30,34.49333333333333,18.89666666666667,0.08859736627605312
787,30,300,750,30,28.48,20.553333333333335,0.0803510729947273
788,30,500,750,30,36.053333333333335,21.949999999999996,0.08479926420859617
789,30,1000,750,30,35.88,21.776666666666667,0.08486889224590662
790,50,300,750,30,25.38666666666667,20.200000000000003,0.08135888250126659
791,50,500,750,30,35.093333333333334,22.916666666666664,0.08435065791412519
792,50,1000,750,30,34.85333333333333,23.19333333333333,0.08578421359576437
793,10,300,750,40,30.8,17.286666666666665,0.07105794636480904
794,10,500,750,40,31.893333333333334,17.243333333333332,0.07300895196079048
795,10,1000,750,40,32.8,17.96,0.07390578671991076
796,30,300,750,40,27.839999999999996,18.886666666666667,0.06925164968604466
797,30,500,750,40,33.96,20.033333333333335,0.0733112661672454
798,30,1000,750,40,33.54666666666667,19.716666666666665,0.0721789163730445
799,50,300,750,40,23.24,18.12,0.06686684275547315
800,50,500,750,40,31.813333333333333,21.95333333333333,0.07174547381025446
801,50,1000,750,40,32.586666666666666,21.526666666666667,0.07392253554373089
802,10,300,750,50,29.97333333333333,16.46,0.06382235468192517
803,10,500,750,50,31.013333333333332,16.253333333333334,0.06714541367285766
804,10,1000,750,50,32.10666666666667,17.07,0.0664289491996736
805,30,300,750,50,25.413333333333334,18.346666666666668,0.06313049046927392
806,30,500,750,50,33.06666666666666,19.506666666666668,0.06495483563904626
807,30,1000,750,50,32.93333333333334,19.176666666666666,0.0645303714524542
808,50,300,750,50,22.106666666666666,18.04,0.060773992238198765
809,50,500,750,50,30.98666666666666,21.43,0.06346079191802254
810,50,1000,750,50,31.41333333333333,21.190000000000005,0.06254007021304937
811,10,300,1000,10,45.949999999999996,28.759999999999998,0.15993040074922985
812,10,500,1000,10,45.910000000000004,28.8825,0.16293278865245675
813,10,1000,1000,10,46.29,29.117500000000003,0.16295228390299668
814,30,300,1000,10,47.06,32.23,0.1577503680066242
815,30,500,1000,10,47.46,32.8775,0.1587632247312242
816,30,1000,1000,10,47.76,32.905,0.16327764784123577
817,50,300,1000,10,45.72,34.449999999999996,0.16364616245665337
818,50,500,1000,10,46.16,34.67,0.16389519575717165
819,50,1000,1000,10,46.18000000000001,34.64,0.16349234649598912
820,10,300,1000,20,30.720000000000002,18.475,0.10409536231112738
821,10,500,1000,20,37.18,20.31,0.10882369415907768
822,10,1000,1000,20,37.74,20.942500000000003,0.11078273835365211
823,30,300,1000,20,22.46,18.2925,0.10541359807519861
824,30,500,1000,20,39.0,23.372500000000002,0.10725297750874228
825,30,1000,1000,20,39.12,23.72,0.1054007919236252
826,50,300,1000,20,32.78,24.087500000000002,0.1042030825161382
827,50,500,1000,20,37.54,25.16,0.10242683074352184
828,50,1000,1000,20,38.49,24.5925,0.10353235735773778
829,10,300,1000,30,32.11,16.82,0.08088467410394946
830,10,500,1000,30,33.269999999999996,17.2825,0.08639776070724624
831,10,1000,1000,30,33.45,17.515,0.08940608644657877
832,30,300,1000,30,23.349999999999998,15.987499999999999,0.082413890362641
833,30,500,1000,30,34.18,19.4925,0.08236828132737593
834,30,1000,1000,30,34.06,19.495,0.08635293614628924
835,50,300,1000,30,20.62,16.0875,0.08150635969604496
836,50,500,1000,30,33.74,21.43,0.08342835841296206
837,50,1000,1000,30,34.04,21.25,0.08273421324928328
838,10,300,1000,40,27.0,14.305000000000001,0.06857209350943747
839,10,500,1000,40,31.740000000000002,15.379999999999999,0.07349723994171299
840,10,1000,1000,40,31.95,15.7225,0.07421368020557637
841,30,300,1000,40,23.87,15.560000000000002,0.07004369127224253
842,30,500,1000,40,32.51,17.7175,0.07056571992948849
843,30,1000,1000,40,32.92,17.880000000000003,0.07116758952689493
844,50,300,1000,40,19.580000000000002,15.327499999999999,0.06677355559715872
845,50,500,1000,40,30.710000000000004,19.2775,0.07084840188045873
846,50,1000,1000,40,32.74,19.02,0.0722374944355575
847,10,300,1000,50,27.080000000000005,14.11,0.06324632518652394
848,10,500,1000,50,30.779999999999998,15.120000000000001,0.06707891407406433
849,10,1000,1000,50,31.09,15.5175,0.06715690762135369
850,30,300,1000,50,20.9,14.0175,0.060641367494268496
851,30,500,1000,50,31.979999999999997,17.244999999999997,0.06351026296483052
852,30,1000,1000,50,32.24,17.395,0.06457553294197156
853,50,300,1000,50,15.560000000000002,12.2675,0.059945838941523964
854,50,500,1000,50,28.610000000000003,18.305,0.06378382242807303
855,50,1000,1000,50,31.019999999999996,18.7575,0.06285251803673571
856,10,300,2500,10,45.348,27.305,0.15603306079076068
857,10,500,2500,10,45.56,27.451999999999998,0.15608540697014564
858,10,1000,2500,10,45.504,27.812000000000005,0.1548708518814247
859,30,300,2500,10,46.236,29.820999999999998,0.16009437619462388
860,30,500,2500,10,46.784,29.979,0.1631200833998745
861,30,1000,2500,10,46.924,30.293000000000003,0.1628622836803385
862,50,300,2500,10,45.816,31.341,0.15178122124272278
863,50,500,2500,10,46.816,31.467,0.15458996775039693
864,50,1000,2500,10,46.803999999999995,31.619999999999997,0.15554025053415224
865,10,300,2500,20,35.104,16.848000000000003,0.10476796038072608
866,10,500,2500,20,35.092,16.777,0.10663845677288043
867,10,1000,2500,20,35.36,16.902,0.10737360039406521
868,30,300,2500,20,35.608000000000004,19.371,0.10338915002009802
869,30,500,2500,20,35.98800000000001,18.908,0.1037038485314078
870,30,1000,2500,20,35.852000000000004,19.155,0.1024134792949176
871,50,300,2500,20,33.92,20.44,0.10272764158922806
872,50,500,2500,20,35.608000000000004,20.093,0.10128981420507138
873,50,1000,2500,20,35.955999999999996,20.578,0.10180812332751508
874,10,300,2500,30,31.779999999999998,13.716000000000001,0.08205131101950844
875,10,500,2500,30,31.8,13.523000000000001,0.08444698922267917
876,10,1000,2500,30,32.084,13.808000000000002,0.0829396423661369
877,30,300,2500,30,32.368,15.866,0.07978257201214695
878,30,500,2500,30,32.568000000000005,15.889000000000001,0.08271539630305991
879,30,1000,2500,30,32.608000000000004,15.647,0.08140996052172249
880,50,300,2500,30,28.847999999999995,16.645000000000003,0.08027572937186939
881,50,500,2500,30,32.224,16.738,0.07997521304180508
882,50,1000,2500,30,32.372,16.692999999999998,0.08206238530317399
883,10,300,2500,40,30.036,12.404,0.0719906276574803
884,10,500,2500,40,30.104000000000003,12.477,0.0735451117204996
885,10,1000,2500,40,30.008000000000003,12.387999999999998,0.07133099471808747
886,30,300,2500,40,30.084,14.379,0.06809890061170847
887,30,500,2500,40,30.959999999999997,13.983,0.06906660493626998
888,30,1000,2500,40,30.891999999999996,14.147000000000002,0.06957667219148342
889,50,300,2500,40,25.056,14.423999999999998,0.0677668538018236
890,50,500,2500,40,29.48,15.139,0.07022917095186715
891,50,1000,2500,40,30.744,15.160000000000002,0.06932626792693676
892,10,300,2500,50,28.976000000000003,11.625,0.06392709245080724
893,10,500,2500,50,28.936,11.739999999999998,0.06588511253357722
894,10,1000,2500,50,29.287999999999997,11.795,0.06387322956117772
895,30,300,2500,50,29.2,13.319,0.06122006479933481
896,30,500,2500,50,30.016,13.315,0.06271800446499513
897,30,1000,2500,50,29.944000000000003,13.178,0.06206505426031681
898,50,300,2500,50,22.216,12.839,0.059290032634878954
899,50,500,2500,50,27.071999999999996,14.140999999999998,0.060534874170318845
900,50,1000,2500,50,29.644,14.021,0.06145569352182074
901,10,300,5000,10,44.582,25.9905,0.15561334805707153
902,10,500,5000,10,44.74,26.093500000000002,0.15564506886896162
903,10,1000,5000,10,44.816,26.259500000000003,0.15448574698910544
904,30,300,5000,10,45.13399999999999,29.092499999999998,0.1575390713445372
905,30,500,5000,10,45.628,29.1425,0.16084019593036736
906,30,1000,5000,10,45.730000000000004,29.035500000000003,0.16031250000551803
907,50,300,5000,10,43.96,30.540500000000005,0.1587695941707393
908,50,500,5000,10,45.275999999999996,30.2245,0.15940233364564352
909,50,1000,5000,10,45.43000000000001,30.1275,0.1602250083112857
910,10,300,5000,20,33.900000000000006,14.823,0.1020850380074002
911,10,500,5000,20,34.242,15.2035,0.10530523934353657
912,10,1000,5000,20,34.326,15.0975,0.10420337914041805
913,30,300,5000,20,34.653999999999996,17.2635,0.10138403739153659
914,30,500,5000,20,35.026,17.2975,0.10187884574090306
915,30,1000,5000,20,34.971999999999994,17.127,0.10140214799501164
916,50,300,5000,20,31.704,18.001499999999997,0.10062655747892298
917,50,500,5000,20,34.616,18.1525,0.10101732693711742
918,50,1000,5000,20,34.906000000000006,17.904,0.10193769198639395
919,10,300,5000,30,30.906,11.879500000000002,0.0826287666876935
920,10,500,5000,30,31.052000000000003,12.109499999999999,0.08374247797310923
921,10,1000,5000,30,31.14,12.237,0.08282666340796183
922,30,300,5000,30,30.862000000000002,13.886000000000001,0.0793644676229483
923,30,500,5000,30,31.772,13.7625,0.08060053620615074
924,30,1000,5000,30,31.788,13.746,0.08059750453897284
925,50,300,5000,30,26.138,13.9555,0.07989037581580376
926,50,500,5000,30,31.144,14.426,0.07990319451249808
927,50,1000,5000,30,31.356,14.423999999999998,0.08001268209580616
928,10,300,5000,40,29.496,10.845,0.07077714178327503
929,10,500,5000,40,29.542,10.818000000000001,0.07199982200499198
930,10,1000,5000,40,29.718,11.005499999999998,0.0703460678761792
931,30,300,5000,40,29.112,12.382,0.06761057213122067
932,30,500,5000,40,30.142000000000003,12.3285,0.06866804403301176
933,30,1000,5000,40,30.232000000000003,12.157500000000002,0.06943730848376778
934,50,300,5000,40,22.075999999999997,11.6045,0.06832490799854213
935,50,500,5000,40,28.474,12.986,0.06787223954014118
936,50,1000,5000,40,30.013999999999996,12.898000000000001,0.06915191418565328
937,10,300,5000,50,12.540000000000001,5.115499999999999,0.06762186237737676
938,10,500,5000,50,28.471999999999998,10.1855,0.06344425720493226
939,10,1000,5000,50,28.724,10.201,0.06438073502726571
940,30,300,5000,50,27.915999999999997,11.4205,0.06002660383738138
941,30,500,5000,50,29.268,11.365,0.06153151019344964
942,30,1000,5000,50,29.284,11.474,0.062249702464926795
943,50,300,5000,50,18.69,9.8145,0.05999169419145518
944,50,500,5000,50,26.131999999999998,12.010499999999999,0.05942168316386045
945,50,1000,5000,50,29.12,12.0465,0.0602060351926856
946,10,300,100,10,47.9,52.2,0.17509114816488622
947,10,500,100,10,52.300000000000004,53.150000000000006,0.18832731227874563
948,10,1000,100,10,52.900000000000006,53.775000000000006,0.1830540797722267
949,30,300,100,10,55.800000000000004,59.199999999999996,0.16015240151179086
950,30,500,100,10,58.60000000000001,59.075,0.16187010976607977
951,30,1000,100,10,58.699999999999996,59.00000000000001,0.1617817998166903
952,50,300,100,10,52.69999999999999,60.85,0.15601938423574166
953,50,500,100,10,54.800000000000004,62.425,0.15638844482659975
954,50,1000,100,10,54.900000000000006,62.425,0.15645581158791563
955,10,300,100,20,42.400000000000006,50.5,0.11711711563978595
956,10,500,100,20,45.9,49.725,0.1291255993786618
957,10,1000,100,20,45.0,50.7,0.12362714187277611
958,30,300,100,20,46.8,54.825,0.1169323541562681
959,30,500,100,20,50.1,55.175,0.11388915075023943
960,30,1000,100,20,49.00000000000001,57.099999999999994,0.11614548536848363
961,50,300,100,20,40.599999999999994,58.475,0.11055500749673926
962,50,500,100,20,41.2,60.45,0.10609122631914994
963,50,1000,100,20,43.0,60.45,0.1108135299275402
964,10,300,100,30,38.7,49.6,0.09014332460187645
965,10,500,100,30,43.2,49.25,0.10024855888290235
966,10,1000,100,30,42.5,49.125,0.09754781573428903
967,30,300,100,30,42.6,52.449999999999996,0.08361078211696694
968,30,500,100,30,46.699999999999996,55.07500000000001,0.09155376954276946
969,30,1000,100,30,43.7,54.1,0.09317716627664878
970,50,300,100,30,40.199999999999996,57.400000000000006,0.09189307594284496
971,50,500,100,30,43.099999999999994,58.724999999999994,0.09067117932731004
972,50,1000,100,30,41.900000000000006,59.375,0.09173855530232304
973,10,300,100,40,39.1,47.675,0.07945973569277424
974,10,500,100,40,43.099999999999994,49.050000000000004,0.07938378267646092
975,10,1000,100,40,40.5,48.85,0.08706375390841817
976,30,300,100,40,42.00000000000001,52.725,0.07810396554842751
977,30,500,100,40,45.0,54.6,0.08314115751155789
978,30,1000,100,40,47.0,54.37499999999999,0.07954244302602079
979,50,300,100,40,40.0,58.475,0.07879816564037112
980,50,500,100,40,41.4,58.62499999999999,0.0770094841041089
981,50,1000,100,40,40.0,58.75,0.07721857062771874
982,10,300,100,50,38.1,47.599999999999994,0.07205861586681943
983,10,500,100,50,41.900000000000006,49.349999999999994,0.07292643157289135
984,10,1000,100,50,40.800000000000004,48.3,0.07554220762210653
985,30,300,100,50,42.5,49.625,0.07119059535189648
986,30,500,100,50,43.3,52.05,0.07220572217906042
987,30,1000,100,50,44.1,52.1,0.07379695297289199
988,50,300,100,50,35.699999999999996,56.574999999999996,0.06666854594099764
989,50,500,100,50,41.0,57.074999999999996,0.07137149729590939
990,50,1000,100,50,41.2,56.474999999999994,0.07148083585649624
991,10,300,250,10,46.64,35.24,0.1589150645727865
992,10,500,250,10,48.84,37.11,0.1646626523855655
993,10,1000,250,10,50.67999999999999,40.129999999999995,0.16116149547652153
994,30,300,250,10,49.32,42.00000000000001,0.16238995190611424
995,30,500,250,10,50.96000000000001,42.77,0.15574874804238456
996,30,1000,250,10,51.28,42.97,0.1543827603584329
997,50,300,250,10,50.96000000000001,44.9,0.15526417226356196
998,50,500,250,10,51.6,45.58,0.1666819063630126
999,50,1000,250,10,51.36000000000001,45.51,0.1669012688920687
1000,10,300,250,20,36.92,29.75,0.1184566751684858
1001,10,500,250,20,41.120000000000005,31.669999999999998,0.11251590333081882
1002,10,1000,250,20,42.67999999999999,33.160000000000004,0.12216857319136902
1003,30,300,250,20,41.4,34.839999999999996,0.11214654387115729
1004,30,500,250,20,43.84,36.4,0.11479009375930499
1005,30,1000,250,20,43.0,36.03,0.11380202709623399
1006,50,300,250,20,39.2,38.01,0.105240529657295
1007,50,500,250,20,44.279999999999994,39.15,0.11520147987603786
1008,50,1000,250,20,43.36000000000001,38.13,0.10858925913899886
1009,10,300,250,30,34.96,27.890000000000004,0.09117674435919378
1010,10,500,250,30,36.64,30.39,0.09004678028035645
1011,10,1000,250,30,38.800000000000004,28.88,0.09210088876133563
1012,30,300,250,30,37.160000000000004,32.68,0.08266485757135862
1013,30,500,250,30,39.76,34.08,0.08806089924929
1014,30,1000,250,30,39.92,33.12,0.08900183747449171
1015,50,300,250,30,37.08,35.730000000000004,0.08263956221154493
1016,50,500,250,30,38.04,36.01,0.08447218876383833
1017,50,1000,250,30,38.76,36.58,0.08789409759117774
1018,10,300,250,40,33.599999999999994,26.419999999999998,0.06687258743122687
1019,10,500,250,40,35.92,27.85,0.07746334660097937
1020,10,1000,250,40,36.28,28.83,0.07966508549104094
1021,30,300,250,40,35.199999999999996,30.45,0.04830358509504952
1022,30,500,250,40,38.44,32.01,0.07684516261236929
1023,30,1000,250,40,38.32,32.47,0.07723886326615291
1024,50,300,250,40,35.04,33.849999999999994,0.07547792031623207
1025,50,500,250,40,35.8,36.309999999999995,0.07385378317768515
1026,50,1000,250,40,36.08,35.809999999999995,0.07427114551038233
1027,10,300,250,50,34.599999999999994,27.310000000000002,0.06432730691514484
1028,10,500,250,50,36.68,28.26,0.0721517635915418
1029,10,1000,250,50,36.64,27.88,0.07102251202997764
1030,30,300,250,50,34.160000000000004,29.270000000000003,0.046116148215436685
1031,30,500,250,50,37.04,31.080000000000002,0.06734024814314586
1032,30,1000,250,50,38.279999999999994,31.669999999999998,0.07036121385592525
1033,50,300,250,50,32.76,33.31,0.06784155139916356
1034,50,500,250,50,35.36,34.18,0.06754606761086131
1035,50,1000,250,50,35.0,35.11,0.0673366927186375
1036,10,300,500,10,43.879999999999995,30.325000000000003,0.1563417239293586
1037,10,500,500,10,46.88,32.769999999999996,0.15436293520515554
1038,10,1000,500,10,47.42,33.294999999999995,0.1636720319876142
1039,30,300,500,10,44.62,34.355000000000004,0.15349358780650588
1040,30,500,500,10,47.48,35.835,0.16869665097501854
1041,30,1000,500,10,47.93999999999999,36.04,0.17101449728547155
1042,50,300,500,10,43.760000000000005,36.485,0.15757773200140848
1043,50,500,500,10,47.74,37.3,0.15268036808377888
1044,50,1000,500,10,48.06,37.370000000000005,0.15706188402841886
1045,10,300,500,20,36.82,24.66,0.10499752734544353
1046,10,500,500,20,38.62,25.745,0.10700619729561332
1047,10,1000,500,20,39.239999999999995,25.89,0.11193409902632713
1048,30,300,500,20,37.26,28.065,0.10184039370254694
1049,30,500,500,20,40.76,29.049999999999997,0.10837572144428809
1050,30,1000,500,20,40.18,28.095,0.10599623303375634
1051,50,300,500,20,35.08,28.395000000000003,0.10829282222978988
1052,50,500,500,20,40.22,30.555,0.10582005304594898
1053,50,1000,500,20,40.5,29.464999999999996,0.10539525355416061
1054,10,300,500,30,32.879999999999995,20.095000000000002,0.0898714089357629
1055,10,500,500,30,34.74,21.29,0.09029355736618373
1056,10,1000,500,30,34.7,21.58,0.08855429743412278
1057,30,300,500,30,32.96,24.355,0.0778415098905586
1058,30,500,500,30,36.24,24.845,0.08338904565295341
1059,30,1000,500,30,36.62,24.88,0.0885197953523434
1060,50,300,500,30,28.959999999999997,25.165000000000003,0.08204082998345301
1061,50,500,500,30,35.58,27.87,0.08278272816080273
1062,50,1000,500,30,35.839999999999996,27.485,0.08543514979155173
1063,10,300,500,40,31.880000000000003,19.21,0.07581716184519635
1064,10,500,500,40,33.18,21.05,0.07507374537844919
1065,10,1000,500,40,33.36,20.335,0.07623829888574259
1066,30,300,500,40,30.9,22.665000000000003,0.07054633316385682
1067,30,500,500,40,35.120000000000005,23.555,0.0730856027766483
1068,30,1000,500,40,34.48,24.044999999999998,0.07470770939921653
1069,50,300,500,40,28.88,24.725,0.07088904472039406
1070,50,500,500,40,33.52,26.655,0.07431221505017725
1071,50,1000,500,40,33.12,25.865,0.06841130259991184
1072,10,300,500,50,31.28,20.119999999999997,0.06443184272672887
1073,10,500,500,50,32.599999999999994,19.830000000000002,0.06775015131645622
1074,10,1000,500,50,32.22,18.665000000000003,0.06822770266333218
1075,30,300,500,50,29.62,21.84,0.06469335584868968
1076,30,500,500,50,33.78,22.189999999999998,0.06547503801490512
1077,30,1000,500,50,33.199999999999996,23.135,0.06573321849898661
1078,50,300,500,50,26.700000000000003,22.654999999999998,0.06239101239163184
1079,50,500,500,50,30.3,24.015,0.06553145753340395
1080,50,1000,500,50,32.019999999999996,24.700000000000003,0.06363689515385156
1081,10,300,750,10,46.4,29.886666666666667,0.15542938020247776
1082,10,500,750,10,46.57333333333334,30.243333333333332,0.15301275050150348
1083,10,1000,750,10,46.626666666666665,30.85,0.15737606776384666
1084,30,300,750,10,48.28,33.94666666666667,0.15678214674384472
1085,30,500,750,10,48.36,34.05666666666667,0.15923761704556594
1086,30,1000,750,10,48.52,34.22666666666667,0.15987745002460105
1087,50,300,750,10,48.693333333333335,35.809999999999995,0.15770990681116262
1088,50,500,750,10,49.013333333333335,35.96666666666667,0.1589028375576582
1089,50,1000,750,10,48.92,35.97,0.15936269884086554
1090,10,300,750,20,33.54666666666667,20.553333333333335,0.10411106358674282
1091,10,500,750,20,35.86666666666666,21.253333333333334,0.10992921669606491
1092,10,1000,750,20,36.093333333333334,20.756666666666668,0.10923661916848135
1093,30,300,750,20,30.586666666666666,22.693333333333335,0.100942748718443
1094,30,500,750,20,37.42666666666666,24.77333333333333,0.10661883742672704
1095,30,1000,750,20,37.04,25.366666666666664,0.10785591167980328
1096,50,300,750,20,26.946666666666662,23.490000000000002,0.1002031057510482
1097,50,500,750,20,36.88,25.379999999999995,0.10157443328221943
1098,50,1000,750,20,36.760000000000005,26.403333333333336,0.10727151643210163
1099,10,300,750,30,30.8,17.97666666666667,0.0838532651128387
1100,10,500,750,30,33.4,19.290000000000003,0.08808119213933059
1101,10,1000,750,30,33.52,19.246666666666666,0.0873462267979979
1102,30,300,750,30,29.453333333333333,20.476666666666667,0.07860546284076828
1103,30,500,750,30,34.70666666666667,22.12,0.08523047656079136
1104,30,1000,750,30,34.77333333333333,21.73,0.08659685694010212
1105,50,300,750,30,25.16,20.473333333333336,0.08201998403132432
1106,50,500,750,30,34.053333333333335,22.973333333333336,0.08248949157136362
1107,50,1000,750,30,34.49333333333333,23.479999999999997,0.0829971629098951
1108,10,300,750,40,30.240000000000002,16.866666666666667,0.07197416967073976
1109,10,500,750,40,32.093333333333334,16.963333333333335,0.07368190305964857
1110,10,1000,750,40,32.78666666666666,18.326666666666664,0.07467651032688652
1111,30,300,750,40,26.493333333333336,18.243333333333332,0.07036736342793874
1112,30,500,750,40,33.70666666666667,19.84,0.07226220258708305
1113,30,1000,750,40,33.34666666666667,20.169999999999998,0.07372776266238526
1114,50,300,750,40,22.893333333333334,18.66,0.07141586216143954
1115,50,500,750,40,32.733333333333334,22.053333333333335,0.07115969280426959
1116,50,1000,750,40,32.906666666666666,21.666666666666664,0.07244087357931364
1117,10,300,750,50,29.893333333333334,16.63,0.06313335143458815
1118,10,500,750,50,31.133333333333336,16.35,0.06641686395464982
1119,10,1000,750,50,32.21333333333333,17.119999999999997,0.06541483804849356
1120,30,300,750,50,27.266666666666666,17.943333333333335,0.061950343586474874
1121,30,500,750,50,32.906666666666666,19.7,0.06592875674368395
1122,30,1000,750,50,33.49333333333334,19.053333333333335,0.06512667025078946
1123,50,300,750,50,22.040000000000003,17.549999999999997,0.06239665793208421
1124,50,500,750,50,30.61333333333333,20.19,0.06297372334107149
1125,50,1000,750,50,33.18666666666667,20.593333333333337,0.062295173695491764
1126,10,300,1000,10,45.620000000000005,28.5725,0.1678318044126646
1127,10,500,1000,10,46.48,29.159999999999997,0.16742585419599806
1128,10,1000,1000,10,46.74,29.3925,0.1633914548059699
1129,30,300,1000,10,47.32,32.615,0.16592743290292186
1130,30,500,1000,10,47.48,32.525,0.1658873900752355
1131,30,1000,1000,10,47.44,32.6575,0.16617550941120143
1132,50,300,1000,10,46.559999999999995,33.68,0.15827716771089143
1133,50,500,1000,10,46.91,33.725,0.1588561016838068
1134,50,1000,1000,10,47.03000000000001,33.809999999999995,0.15881400949730098
1135,10,300,1000,20,36.269999999999996,19.1025,0.104763181936183
1136,10,500,1000,20,36.78,20.187499999999996,0.10842423270039901
1137,10,1000,1000,20,36.52,20.1125,0.10579838670830205
1138,30,300,1000,20,37.91,23.464999999999996,0.10293607892321732
1139,30,500,1000,20,38.35,23.057500000000005,0.10951519318309134
1140,30,1000,1000,20,38.3,23.427500000000002,0.10480077285967652
1141,50,300,1000,20,37.26,24.685000000000002,0.10255164094636726
1142,50,500,1000,20,38.18,24.4975,0.1044285700715489
1143,50,1000,1000,20,37.86,24.93,0.1053051009771602
1144,10,300,1000,30,29.349999999999998,15.770000000000001,0.08258647890685822
1145,10,500,1000,30,33.48,17.6475,0.08765552589149393
1146,10,1000,1000,30,33.18,17.147499999999997,0.08660071341572527
1147,30,300,1000,30,34.1,20.03,0.0825982402701637
1148,30,500,1000,30,34.589999999999996,20.325000000000003,0.084915452690845
1149,30,1000,1000,30,34.900000000000006,20.4175,0.08520689051442618
1150,50,300,1000,30,33.48,21.6975,0.08285012040683233
1151,50,500,1000,30,34.64,22.1425,0.08448082028677432
1152,50,1000,1000,30,34.46,21.5225,0.0833179847991495
1153,10,300,1000,40,27.839999999999996,14.4375,0.07230769708707951
1154,10,500,1000,40,32.01,15.53,0.0748045993553696
1155,10,1000,1000,40,31.880000000000003,15.634999999999998,0.07465030853330223
1156,30,300,1000,40,25.040000000000003,16.545,0.07026706489426618
1157,30,500,1000,40,32.589999999999996,18.060000000000002,0.0712626289622024
1158,30,1000,1000,40,32.97,18.3075,0.07390405078028554
1159,50,300,1000,40,19.06,14.89,0.06596862191753854
1160,50,500,1000,40,30.979999999999997,19.662499999999998,0.0718726295940079
1161,50,1000,1000,40,32.85,19.0225,0.07171254559827431
1162,10,300,1000,50,28.21,14.094999999999999,0.026373586886791776
1163,10,500,1000,50,30.44,14.550000000000002,0.06537969733375049
1164,10,1000,1000,50,30.710000000000004,14.804999999999998,0.06411795749717368
1165,30,300,1000,50,25.35,15.8225,0.06251725390908819
1166,30,500,1000,50,31.429999999999996,16.770000000000003,0.06283213156310165
1167,30,1000,1000,50,31.740000000000002,16.845000000000002,0.06455563388347872
1168,50,300,1000,50,19.23,14.215,0.061105721194729845
1169,50,500,1000,50,28.01,18.3025,0.0630245370310485
1170,50,1000,1000,50,30.880000000000003,18.285,0.06327851873967129
1171,10,300,2500,10,45.696000000000005,27.432000000000002,0.15738361311502483
1172,10,500,2500,10,46.07599999999999,27.711000000000002,0.1585495306014296
1173,10,1000,2500,10,46.14,28.039,0.15764408925169202
1174,30,300,2500,10,46.764,31.0,0.1659425808583617
1175,30,500,2500,10,46.955999999999996,31.179000000000002,0.16618755658457554
1176,30,1000,2500,10,47.044,31.145999999999997,0.1671564962380362
1177,50,300,2500,10,45.956,32.072,0.157308982768404
1178,50,500,2500,10,46.596000000000004,31.869999999999997,0.15822327888570342
1179,50,1000,2500,10,46.71999999999999,31.806,0.15760512937832657
1180,10,300,2500,20,34.884,16.497999999999998,0.10527787678673521
1181,10,500,2500,20,34.98,16.650000000000002,0.10367154797692639
1182,10,1000,2500,20,35.136,16.919999999999998,0.1047501699876845
1183,30,300,2500,20,35.58,19.016,0.10295984624051027
1184,30,500,2500,20,35.876000000000005,18.875999999999998,0.10531551362772802
1185,30,1000,2500,20,36.204,19.301,0.10598334126484245
1186,50,300,2500,20,34.464,20.451000000000004,0.10247830395655083
1187,50,500,2500,20,35.544,20.017000000000003,0.10400219273629555
1188,50,1000,2500,20,36.0,20.354999999999997,0.10257779775839566
1189,10,300,2500,30,31.568,13.591000000000001,0.0824441290577933
1190,10,500,2500,30,31.616,13.633000000000001,0.08440993513688409
1191,10,1000,2500,30,31.540000000000003,13.552999999999999,0.08389799620787253
1192,30,300,2500,30,32.096000000000004,15.518,0.08200988326408015
1193,30,500,2500,30,32.824,15.733999999999998,0.08283071041401606
1194,30,1000,2500,30,32.664,15.824,0.08263725833075464
1195,50,300,2500,30,29.28,16.506,0.07879830834363201
1196,50,500,2500,30,32.128,16.854,0.08076136408282072
1197,50,1000,2500,30,32.488,16.533,0.08156318614084664
1198,10,300,2500,40,30.016,12.451,0.07340024065259712
1199,10,500,2500,40,30.184,12.366999999999999,0.0734852998353849
1200,10,1000,2500,40,30.219999999999995,12.393,0.0724676752080508
1201,30,300,2500,40,30.503999999999998,14.435999999999998,0.06965937739660402
1202,30,500,2500,40,30.836000000000002,14.312,0.07085983496289641
1203,30,1000,2500,40,30.935999999999996,14.246,0.06955489023635957
1204,50,300,2500,40,25.024,14.355,0.06889727449774173
1205,50,500,2500,40,29.996000000000002,14.979999999999999,0.06923156613729575
1206,50,1000,2500,40,31.112000000000002,15.013000000000002,0.06897515424150025
1207,10,300,2500,50,29.208000000000002,11.491999999999999,0.06445137204986993
1208,10,500,2500,50,29.54,11.690000000000001,0.06547156225699019
1209,10,1000,2500,50,29.520000000000003,11.721,0.0646637344865122
1210,30,300,2500,50,29.24,13.255,0.06129615801392632
1211,30,500,2500,50,30.232000000000003,13.294999999999998,0.06294938823157059
1212,30,1000,2500,50,30.203999999999997,12.952999999999998,0.06316479548013224
1213,50,300,2500,50,22.948,13.22,0.0610184164190707
1214,50,500,2500,50,28.355999999999998,14.133000000000001,0.06044612342368707
1215,50,1000,2500,50,29.700000000000003,13.968,0.06156630899331355
1216,10,300,5000,10,44.862,25.607999999999997,0.15189095951479636
1217,10,500,5000,10,44.922000000000004,25.741000000000003,0.15552492023203754
1218,10,1000,5000,10,45.05200000000001,25.9955,0.15548351782300843
1219,30,300,5000,10,45.822,29.162499999999998,0.1566552362693889
1220,30,500,5000,10,46.216,29.113,0.15837354043716517
1221,30,1000,5000,10,46.248,29.174,0.15832563005666578
1222,50,300,5000,10,44.278000000000006,30.772499999999997,0.1580277428291331
1223,50,500,5000,10,45.56600000000001,30.647999999999996,0.1588489334523919
1224,50,1000,5000,10,45.734,30.5415,0.1589951214638321
1225,10,300,5000,20,34.354,15.120499999999998,0.10302768851162544
1226,10,500,5000,20,34.518,15.1035,0.10419697866526567
1227,10,1000,5000,20,34.584,15.037499999999998,0.10282809201399722
1228,30,300,5000,20,34.664,17.26,0.10185973854131779
1229,30,500,5000,20,35.374,17.262,0.10178534533869764
1230,30,1000,5000,20,35.282000000000004,17.1435,0.10263505585865529
1231,50,300,5000,20,31.94,18.0375,0.10091934520087016
1232,50,500,5000,20,34.937999999999995,18.086,0.10176148270571993
1233,50,1000,5000,20,35.102,18.204,0.10409700228342483
1234,10,300,5000,30,30.832000000000004,11.943999999999999,0.08184162668826292
1235,10,500,5000,30,30.990000000000002,11.9865,0.08377401738447973
1236,10,1000,5000,30,31.106,12.162999999999998,0.08255579618498321
1237,30,300,5000,30,30.734,13.949499999999999,0.07953538420571445
1238,30,500,5000,30,31.602000000000004,13.742,0.08125823573849707
1239,30,1000,5000,30,31.714000000000002,13.716999999999999,0.08264502972576045
1240,50,300,5000,30,25.732,13.834,0.0783657353530485
1241,50,500,5000,30,30.684,14.584,0.07986285540790394
1242,50,1000,5000,30,31.524,14.569,0.08048130196474773
1243,10,300,5000,40,14.450000000000001,6.107500000000001,0.07190591239265859
1244,10,500,5000,40,29.514000000000003,10.9415,0.06990774887504321
1245,10,1000,5000,40,29.564,11.027000000000001,0.07082538709329783
1246,30,300,5000,40,10.462,3.923,0.025954067700070894
1247,30,500,5000,40,28.83,12.308,0.06807882945879383
1248,30,1000,5000,40,30.322,12.2555,0.07044002981147973
1249,50,300,5000,40,23.233999999999998,11.843,0.06909380562117012
1250,50,500,5000,40,28.71,12.982,0.06839607077657071
1251,50,1000,5000,40,30.064,12.8085,0.06916491783425774
1252,10,300,5000,50,12.712000000000002,5.3425,0.06290017513280229
1253,10,500,5000,50,28.454,10.184,0.06330261470413728
1254,10,1000,5000,50,28.720000000000002,10.3085,0.06499022496919081
1255,30,300,5000,50,27.749999999999996,11.457999999999998,0.06028650022626229
1256,30,500,5000,50,29.262,11.451,0.06128275982495067
1257,30,1000,5000,50,29.287999999999997,11.4015,0.06165782900237233
1258,50,300,5000,50,19.454,10.106,0.05975188891731431
1259,50,500,5000,50,25.904,11.9955,0.06120685301355072
1260,50,1000,5000,50,28.910000000000004,12.0905,0.061151100814278
1261,10,300,100,10,49.7,54.725,0.17294392152211827
1262,10,500,100,10,55.400000000000006,54.175000000000004,0.18141038934292944
1263,10,1000,100,10,56.39999999999999,55.75,0.18245550168087443
1264,30,300,100,10,56.8,61.525,0.16584100444417813
1265,30,500,100,10,57.99999999999999,63.7,0.16217605806451665
1266,30,1000,100,10,57.800000000000004,63.67499999999999,0.16209568460039084
1267,50,300,100,10,51.2,63.925,0.1585291312084469
1268,50,500,100,10,53.2,66.14999999999999,0.15317216947823636
1269,50,1000,100,10,53.099999999999994,66.07499999999999,0.15327145527715955
1270,10,300,100,20,43.60000000000001,52.825,0.12246117808429771
1271,10,500,100,20,46.0,51.6,0.12245682959821963
1272,10,1000,100,20,48.0,51.800000000000004,0.12373181649540684
1273,30,300,100,20,46.3,54.25,0.11626927733762187
1274,30,500,100,20,49.00000000000001,56.85,0.1070525498495382
1275,30,1000,100,20,51.300000000000004,56.025000000000006,0.11136810955372378
1276,50,300,100,20,42.699999999999996,59.3,0.10514214785260935
1277,50,500,100,20,47.199999999999996,60.25,0.12036417125939906
1278,50,1000,100,20,44.699999999999996,58.94999999999999,0.10996547136889466
1279,10,300,100,30,35.4,47.824999999999996,0.09249532306486312
1280,10,500,100,30,41.2,49.65,0.08929629054508836
1281,10,1000,100,30,40.5,49.2,0.09058427574855242
1282,30,300,100,30,41.6,53.225,0.09136500052603833
1283,30,500,100,30,46.3,53.825,0.09022763251916238
1284,30,1000,100,30,44.3,54.37499999999999,0.0875202262964131
1285,50,300,100,30,37.2,57.125,0.08304162966286505
1286,50,500,100,30,43.7,58.650000000000006,0.08612151512428719
1287,50,1000,100,30,41.900000000000006,58.75,0.08410133376185402
1288,10,300,100,40,36.199999999999996,49.525,0.08187476500951761
1289,10,500,100,40,40.599999999999994,48.125,0.08619776914094511
1290,10,1000,100,40,40.199999999999996,49.45,0.08240115329952565
1291,30,300,100,40,39.7,51.24999999999999,0.08092667939664981
1292,30,500,100,40,45.099999999999994,55.375,0.0784090296109535
1293,30,1000,100,40,44.5,53.27499999999999,0.08094738931862074
1294,50,300,100,40,39.1,57.375,0.07507762118474484
1295,50,500,100,40,41.0,57.074999999999996,0.08222122851172362
1296,50,1000,100,40,39.5,58.099999999999994,0.07783082103383654
1297,10,300,100,50,35.8,47.199999999999996,0.06877382032392484
1298,10,500,100,50,40.400000000000006,48.875,0.0723010701709446
1299,10,1000,100,50,44.1,48.8,0.07197533216241508
1300,30,300,100,50,40.599999999999994,51.24999999999999,0.06716097453659865
1301,30,500,100,50,43.8,54.974999999999994,0.06921195614990049
1302,30,1000,100,50,45.4,53.37500000000001,0.06941033476218375
1303,50,300,100,50,32.599999999999994,55.95,0.06371969719045727
1304,50,500,100,50,40.400000000000006,57.925000000000004,0.07032632991782146
1305,50,1000,100,50,42.400000000000006,58.5,0.06737931896029957
1306,10,300,250,10,47.12,37.99,0.1680433936879909
1307,10,500,250,10,49.56,40.72,0.17995851968745968
1308,10,1000,250,10,49.88,41.16,0.1738610456563115
1309,30,300,250,10,49.76,43.48,0.15897854661935892
1310,30,500,250,10,51.32,44.1,0.1674104213166244
1311,30,1000,250,10,52.0,43.92,0.17203898646985025
1312,50,300,250,10,48.040000000000006,45.17,0.1560700159433552
1313,50,500,250,10,49.480000000000004,45.830000000000005,0.1573172024712868
1314,50,1000,250,10,49.04,46.02,0.16146681926167003
1315,10,300,250,20,37.04,30.880000000000003,0.11316750466101892
1316,10,500,250,20,40.160000000000004,31.819999999999997,0.11280841760413772
1317,10,1000,250,20,41.28,32.82,0.11106571479943936
1318,30,300,250,20,40.04,37.980000000000004,0.10353646827697502
1319,30,500,250,20,41.28,36.669999999999995,0.10640554103542232
1320,30,1000,250,20,42.36,35.79,0.10748745976105299
1321,50,300,250,20,38.08,38.59,0.10326899089433379
1322,50,500,250,20,42.04,39.44,0.10676855660578075
1323,50,1000,250,20,41.52,39.72,0.10946918818197293
1324,10,300,250,30,36.56,28.33,0.08648367032552971
1325,10,500,250,30,37.28,28.849999999999998,0.08928358502815892
1326,10,1000,250,30,39.6,31.979999999999997,0.09428758965808728
1327,30,300,250,30,38.239999999999995,32.78,0.08914000221943408
1328,30,500,250,30,40.56,34.01,0.08942049003521198
1329,30,1000,250,30,39.68,33.51,0.09000181682728932
1330,50,300,250,30,35.88,34.239999999999995,0.0806421267633977
1331,50,500,250,30,39.800000000000004,36.730000000000004,0.08743554906200326
1332,50,1000,250,30,39.64,35.809999999999995,0.08744251438854893
1333,10,300,250,40,32.16,27.149999999999995,0.07449124650675336
1334,10,500,250,40,35.64,27.26,0.07883492999458457
1335,10,1000,250,40,36.720000000000006,28.060000000000002,0.07666631750380658
1336,30,300,250,40,35.199999999999996,30.379999999999995,0.07682289056565651
1337,30,500,250,40,36.720000000000006,31.209999999999997,0.07600496415996243
1338,30,1000,250,40,38.12,32.379999999999995,0.0763242135915612
1339,50,300,250,40,33.160000000000004,34.11,0.07281784837842192
1340,50,500,250,40,35.4,34.63,0.07363501792981368
1341,50,1000,250,40,34.04,34.98,0.07555484461001571
1342,10,300,250,50,32.72,26.3,0.06677107149907015
1343,10,500,250,50,35.68,27.58,0.06929744128163834
1344,10,1000,250,50,34.96,26.729999999999997,0.07055695860771181
1345,30,300,250,50,36.24,30.510000000000005,0.06648610325262061
1346,30,500,250,50,36.8,31.259999999999998,0.06827904341443616
1347,30,1000,250,50,36.68,31.22,0.06806736995803658
1348,50,300,250,50,33.72,32.51,0.06362936259010582
1349,50,500,250,50,32.92,33.93,0.06583838439284602
1350,50,1000,250,50,33.36,34.0,0.06608429267769518
1351,10,300,500,10,45.7,30.435000000000002,0.16040456140996287
1352,10,500,500,10,47.400000000000006,32.464999999999996,0.16504284652567133
1353,10,1000,500,10,48.040000000000006,33.155,0.16894944096976852
1354,30,300,500,10,47.800000000000004,36.05,0.15658162884163282
1355,30,500,500,10,49.96000000000001,37.580000000000005,0.16039633285557356
1356,30,1000,500,10,50.0,37.625,0.16158899900818502
1357,50,300,500,10,44.64,35.63,0.15886407625955348
1358,50,500,500,10,48.480000000000004,38.09,0.15601124439489097
1359,50,1000,500,10,49.32,38.214999999999996,0.15846468692536822
1360,10,300,500,20,36.86,24.26,0.10914394406685952
1361,10,500,500,20,37.160000000000004,23.415,0.11137889105209363
1362,10,1000,500,20,38.0,25.045,0.11414481506012908
1363,30,300,500,20,37.0,28.51,0.10891836437986939
1364,30,500,500,20,39.900000000000006,27.26,0.10754122582840768
1365,30,1000,500,20,40.06,27.97,0.10999379323556285
1366,50,300,500,20,33.8,28.439999999999998,0.10377099921708954
1367,50,500,500,20,39.26,31.015000000000004,0.1053371465529312
1368,50,1000,500,20,39.26,29.65,0.10628771058594735
1369,10,300,500,30,33.92,21.269999999999996,0.08373265102732527
1370,10,500,500,30,35.339999999999996,21.91,0.08975771290196147
1371,10,1000,500,30,36.08,22.46,0.08898587851572587
1372,30,300,500,30,32.5,24.505,0.07874367537419089
1373,30,500,500,30,36.120000000000005,24.56,0.08724415191512334
1374,30,1000,500,30,36.84,25.009999999999998,0.08599678856657936
1375,50,300,500,30,29.060000000000002,24.725,0.08190884801281291
1376,50,500,500,30,35.14,27.47,0.08507675781360842
1377,50,1000,500,30,35.419999999999995,27.05,0.08267348871212098
1378,10,300,500,40,31.880000000000003,19.82,0.07126726048920111
1379,10,500,500,40,33.8,20.745,0.07584697408030852
1380,10,1000,500,40,33.82,20.76,0.07505412347174413
1381,30,300,500,40,32.22,23.630000000000003,0.07025510179614146
1382,30,500,500,40,35.120000000000005,23.725,0.07415779895205651
1383,30,1000,500,40,35.3,23.445,0.07328471864791224
1384,50,300,500,40,29.100000000000005,24.07,0.07257417142426785
1385,50,500,500,40,32.74,25.56,0.07297218366558128
1386,50,1000,500,40,33.82,25.290000000000003,0.07314199285213586
1387,10,300,500,50,30.720000000000002,18.26,0.06597875629652812
1388,10,500,500,50,33.379999999999995,20.18,0.06824322504595372
1389,10,1000,500,50,32.76,19.119999999999997,0.06870800170634499
1390,30,300,500,50,30.92,22.259999999999998,0.06258719015314143
1391,30,500,500,50,33.8,22.725,0.06584217190309853
1392,30,1000,500,50,34.14,22.585,0.06458796001184834
1393,50,300,500,50,25.739999999999995,22.650000000000002,0.06340371421306239
1394,50,500,500,50,30.86,24.620000000000005,0.06458492058345792
1395,50,1000,500,50,32.0,24.430000000000003,0.06394112287194742
1396,10,300,750,10,46.333333333333336,31.143333333333334,0.16570967678161094
1397,10,500,750,10,46.4,31.31666666666667,0.16645501330018744
1398,10,1000,750,10,46.306666666666665,31.53666666666667,0.1711841983569319
1399,30,300,750,10,47.93333333333333,33.64666666666666,0.16533618431557776
1400,30,500,750,10,48.06666666666667,33.88666666666666,0.16905448989793143
1401,30,1000,750,10,48.29333333333333,33.940000000000005,0.17117266761766323
1402,50,300,750,10,46.48,34.846666666666664,0.15730933196096777
1403,50,500,750,10,46.48,34.95,0.1578905586901252
1404,50,1000,750,10,46.58666666666667,35.22666666666667,0.15858578955059466
1405,10,300,750,20,34.65333333333333,20.36,0.10329734047925956
1406,10,500,750,20,36.22666666666666,21.336666666666666,0.10729338608264576
1407,10,1000,750,20,37.14666666666667,22.213333333333335,0.1109158102872677
1408,30,300,750,20,32.42666666666666,23.36333333333333,0.10237053063251586
1409,30,500,750,20,37.78666666666667,25.179999999999996,0.10912832146755691
1410,30,1000,750,20,38.25333333333333,25.796666666666667,0.10443835701173762
1411,50,300,750,20,37.72,26.666666666666668,0.10433336673720026
1412,50,500,750,20,38.42666666666666,26.30666666666667,0.10430953527371821
1413,50,1000,750,20,38.32,26.366666666666667,0.10568925182861434
1414,10,300,750,30,31.920000000000005,18.493333333333332,0.08269469517337795
1415,10,500,750,30,33.839999999999996,18.25,0.08785384872930574
1416,10,1000,750,30,34.25333333333333,19.526666666666667,0.08770194349101508
1417,30,300,750,30,29.42666666666667,20.69333333333333,0.08295568072480906
1418,30,500,750,30,35.8,21.749999999999996,0.0874412838721727
1419,30,1000,750,30,35.906666666666666,21.76,0.08500238212851668
1420,50,300,750,30,24.986666666666668,20.13,0.07849056333313603
1421,50,500,750,30,35.64,23.476666666666667,0.08380114054958805
1422,50,1000,750,30,34.85333333333333,23.523333333333333,0.0865310792971563
1423,10,300,750,40,29.786666666666665,16.650000000000002,0.06976141012775182
1424,10,500,750,40,32.24,16.993333333333332,0.07525447395025803
1425,10,1000,750,40,31.56,17.9,0.07666626748396316
1426,30,300,750,40,26.32,18.61,0.06886965110869706
1427,30,500,750,40,32.86666666666667,19.536666666666665,0.07258927835191058
1428,30,1000,750,40,32.8,19.87666666666667,0.07429274048342656
1429,50,300,750,40,22.053333333333335,18.676666666666666,0.06701397390195463
1430,50,500,750,40,31.386666666666663,21.936666666666664,0.07151384214839122
1431,50,1000,750,40,32.17333333333333,21.79333333333333,0.07076647254084256
1432,10,300,750,50,29.346666666666664,15.723333333333333,0.06467514801873366
1433,10,500,750,50,31.826666666666664,16.613333333333333,0.06718119559445022
1434,10,1000,750,50,32.120000000000005,16.61,0.06616502458692274
1435,30,300,750,50,25.77333333333333,18.240000000000002,0.063330780690225
1436,30,500,750,50,33.199999999999996,19.44333333333333,0.0658804196046057
1437,30,1000,750,50,33.13333333333334,19.580000000000002,0.0660980524980632
1438,50,300,750,50,22.226666666666667,17.566666666666666,0.06150790280103406
1439,50,500,750,50,30.28,21.056666666666665,0.06443395445184733
1440,50,1000,750,50,33.32,21.30333333333333,0.06275447936254869
1441,10,300,1000,10,47.870000000000005,30.6875,0.1618523120519823
1442,10,500,1000,10,48.06,31.627499999999998,0.16224115725324229
1443,10,1000,1000,10,48.69,32.080000000000005,0.16606526493744406
1444,30,300,1000,10,48.99,34.775,0.15741915504175025
1445,30,500,1000,10,49.230000000000004,34.862500000000004,0.15582313176360335
1446,30,1000,1000,10,49.45,35.17,0.15584730588869425
1447,50,300,1000,10,48.92999999999999,35.2625,0.15999532389119545
1448,50,500,1000,10,49.08,35.167500000000004,0.16016052510842052
1449,50,1000,1000,10,49.11,35.102500000000006,0.1602450467850702
1450,10,300,1000,20,35.56,19.585,0.10472072012288686
1451,10,500,1000,20,35.839999999999996,19.877499999999998,0.10673985849480434
1452,10,1000,1000,20,36.720000000000006,20.25,0.10850041355744205
1453,30,300,1000,20,36.96,22.7575,0.10317389428743237
1454,30,500,1000,20,37.029999999999994,22.995,0.10693160242951892
1455,30,1000,1000,20,37.22,22.805,0.10505576720580434
1456,50,300,1000,20,36.44,24.4,0.10392687711001333
1457,50,500,1000,20,36.74,24.462500000000002,0.1066290639746642
1458,50,1000,1000,20,36.71,24.29,0.1070192217229087
1459,10,300,1000,30,31.979999999999997,16.335,0.08475508845299429
1460,10,500,1000,30,33.09,17.3275,0.08754856360822755
1461,10,1000,1000,30,33.28,17.575000000000003,0.08776127171602362
1462,30,300,1000,30,33.37,19.36,0.08468113274814834
1463,30,500,1000,30,34.260000000000005,19.482499999999998,0.08582238572859212
1464,30,1000,1000,30,33.910000000000004,19.655,0.08498969141003138
1465,50,300,1000,30,32.32000000000001,21.322499999999998,0.0822149977769398
1466,50,500,1000,30,33.410000000000004,21.25,0.0832298060731588
1467,50,1000,1000,30,34.18,20.38,0.08436518180564172
1468,10,300,1000,40,22.040000000000003,13.362499999999999,0.07430698942591875
1469,10,500,1000,40,32.17,15.889999999999999,0.07645700774194537
1470,10,1000,1000,40,32.17,16.150000000000002,0.07299917030364768
1471,30,300,1000,40,32.28,18.502499999999998,0.07098775673794054
1472,30,500,1000,40,33.25,18.615,0.07260844994204745
1473,30,1000,1000,40,33.44,18.47,0.07378457546799382
1474,50,300,1000,40,19.73,14.7225,0.06875467120425936
1475,50,500,1000,40,30.94,19.7,0.07173368461949603
1476,50,1000,1000,40,32.7,19.6025,0.0717088965606004
1477,10,300,1000,50,27.139999999999997,14.1375,0.06543779263693977
1478,10,500,1000,50,30.630000000000003,14.799999999999999,0.06688805530686776
1479,10,1000,1000,50,30.520000000000003,14.750000000000002,0.06308162931546517
1480,30,300,1000,50,22.240000000000002,14.415,0.06168011794064826
1481,30,500,1000,50,31.759999999999998,17.0625,0.06372212665244377
1482,30,1000,1000,50,32.16,17.380000000000003,0.06501685626569738
1483,50,300,1000,50,17.26,13.0375,0.060020643132832896
1484,50,500,1000,50,28.26,18.427500000000002,0.06272268881040387
1485,50,1000,1000,50,31.789999999999996,18.665000000000003,0.06340341582923484
1486,10,300,2500,10,45.556000000000004,27.086,0.15479411794109146
1487,10,500,2500,10,45.872,27.387,0.15734595071170912
1488,10,1000,2500,10,45.944,27.663000000000004,0.15673452966486667
1489,30,300,2500,10,46.984,30.345,0.15328630110512712
1490,30,500,2500,10,47.304,30.673000000000002,0.1558907112759816
1491,30,1000,2500,10,47.339999999999996,30.711,0.156088256173064
1492,50,300,2500,10,45.391999999999996,31.273,0.15411468388071609
1493,50,500,2500,10,46.18000000000001,31.267999999999997,0.15729660723653596
1494,50,1000,2500,10,46.08,31.379999999999995,0.15730594321261138
1495,10,300,2500,20,34.664,16.528000000000002,0.10559596723697352
1496,10,500,2500,20,35.004000000000005,16.726000000000003,0.10553912245806027
1497,10,1000,2500,20,35.052,16.603,0.10572501781980705
1498,30,300,2500,20,35.476,18.912000000000003,0.1035132937437398
1499,30,500,2500,20,36.18,19.155,0.10497296968043851
1500,30,1000,2500,20,35.86,18.999,0.10129755468673936
1501,50,300,2500,20,34.336,20.093,0.10274636947280524
1502,50,500,2500,20,35.416,20.099,0.10336718991722656
1503,50,1000,2500,20,35.760000000000005,20.228,0.10362988218134409
1504,10,300,2500,30,31.64,13.431,0.08231068977143458
1505,10,500,2500,30,31.608000000000004,13.757999999999997,0.08469689615276395
1506,10,1000,2500,30,32.0,13.825000000000001,0.08258585297014087
1507,30,300,2500,30,32.128,15.859000000000002,0.08175981037759471
1508,30,500,2500,30,32.612,15.878,0.08307608937691376
1509,30,1000,2500,30,32.644,15.802,0.08214087518618858
1510,50,300,2500,30,29.528,16.405,0.08140092807199287
1511,50,500,2500,30,32.28,16.644000000000002,0.0807645664917231
1512,50,1000,2500,30,32.612,16.396,0.08242555904804791
1513,10,300,2500,40,30.108,12.389,0.07223529881065002
1514,10,500,2500,40,30.264000000000003,12.317,0.0732620360762595
1515,10,1000,2500,40,30.575999999999997,12.583,0.07446249204460552
1516,30,300,2500,40,30.684,14.450000000000001,0.06816099899077128
1517,30,500,2500,40,31.184,14.196,0.07025265288618303
1518,30,1000,2500,40,31.228,14.309,0.0701480854014437
1519,50,300,2500,40,25.539999999999996,14.609,0.06795246651492469
1520,50,500,2500,40,30.264000000000003,15.341,0.06862828182905192
1521,50,1000,2500,40,30.968,14.902999999999999,0.06958395518378223
1522,10,300,2500,50,29.464000000000002,11.603000000000002,0.06469324950514713
1523,10,500,2500,50,29.652,11.764,0.0655029815730912
1524,10,1000,2500,50,29.956,11.841,0.06449226407341824
1525,30,300,2500,50,29.656,13.164000000000001,0.06144158053889317
1526,30,500,2500,50,30.192000000000004,13.376,0.06187155453548653
1527,30,1000,2500,50,30.312,13.211,0.06311493647639078
1528,50,300,2500,50,22.86,12.954000000000002,0.06087215829726821
1529,50,500,2500,50,29.032000000000004,14.248,0.0618062069363737
1530,50,1000,2500,50,30.352,13.892,0.06237437186168637
1531,10,300,5000,10,45.028,26.1025,0.15254689289773699
1532,10,500,5000,10,45.108,26.215500000000002,0.15359506930336003
1533,10,1000,5000,10,45.26,26.403,0.15477212628969364
1534,30,300,5000,10,45.29,29.3875,0.1570293657083806
1535,30,500,5000,10,45.86599999999999,29.274499999999996,0.15981206581727794
1536,30,1000,5000,10,45.946,29.268499999999996,0.16002759582187795
1537,50,300,5000,10,44.38399999999999,30.710000000000004,0.15593332572904603
1538,50,500,5000,10,45.628,30.511499999999998,0.1587593815318207
1539,50,1000,5000,10,45.884,30.3965,0.15838831076440738
1540,10,300,5000,20,34.0,14.629,0.10224846783766896
1541,10,500,5000,20,34.07,14.830499999999999,0.10611990509639799
1542,10,1000,5000,20,34.204,14.9035,0.10310392483421593
1543,30,300,5000,20,34.238,17.194499999999998,0.09915998619816332
1544,30,500,5000,20,34.717999999999996,16.8765,0.10095675751031491
1545,30,1000,5000,20,35.064,17.1415,0.1019154164677283
1546,50,300,5000,20,31.842000000000002,17.6935,0.10128664448892967
1547,50,500,5000,20,34.254,18.0255,0.10196811639718195
1548,50,1000,5000,20,34.744,17.9805,0.10023097784052618
1549,10,300,5000,30,30.965999999999998,11.973,0.08228224067304751
1550,10,500,5000,30,30.962,12.161,0.08452069103289207
1551,10,1000,5000,30,30.837999999999997,12.1035,0.0826651809085432
1552,30,300,5000,30,30.682,13.877500000000001,0.08016677824537403
1553,30,500,5000,30,31.791999999999998,13.841500000000002,0.08184143719224178
1554,30,1000,5000,30,31.648,13.5465,0.08125661439461625
1555,50,300,5000,30,25.764,13.933000000000002,0.07884769483844259
1556,50,500,5000,30,30.984,14.646999999999998,0.08012017916759298
1557,50,1000,5000,30,31.453999999999997,14.354,0.08177009388082314
1558,10,300,5000,40,29.409999999999997,10.7575,0.07046592078156216
1559,10,500,5000,40,29.48,10.828,0.07246511148714666
1560,10,1000,5000,40,29.637999999999998,10.815,0.07036258699183393
1561,30,300,5000,40,29.028,12.318999999999999,0.0675041116080173
1562,30,500,5000,40,30.074,12.214,0.06929695303558733
1563,30,1000,5000,40,30.14,12.171499999999998,0.06884573981473661
1564,50,300,5000,40,22.259999999999998,11.600999999999999,0.06731181076507768
1565,50,500,5000,40,28.736,13.0775,0.0679695511492939
1566,50,1000,5000,40,29.927999999999997,12.8135,0.06895155312072122
1567,10,300,5000,50,22.668,8.9365,0.059278964887677366
1568,10,500,5000,50,28.500000000000004,10.101500000000001,0.06329171475526654
1569,10,1000,5000,50,28.442,10.1895,0.06410510752294106
1570,30,300,5000,50,24.834,10.944,0.06062943413020154
1571,30,500,5000,50,28.871999999999996,11.392,0.06174312666212247
1572,30,1000,5000,50,28.896,11.284,0.060834579442032445
1573,50,300,5000,50,10.351999999999999,3.6534999999999997,0.057690840215853356
1574,50,500,5000,50,18.398,9.635,0.060587693855677714
1575,50,1000,5000,50,28.242,12.0595,0.06049161947158663
